No.,Rejected,Passed,Passed and Better value
0,,,15888.54
1,,,12750.58
2,,13871.84,
3,,,9111.25
4,,9346.16,
5,,,8202.33
6,,,7989.96
7,,9954.69,
8,,9512.05,
9,,9545.28,
10,,8263.48,
11,,9164.31,
12,7899.87,,
13,,9491.97,
14,,9738.38,
15,,10290.22,
16,,,7254.47
17,7780.95,,
18,6685.14,,
19,6762.98,,
20,10382.13,,
21,6833.75,,
22,,10068.95,
23,,8134.89,
24,,7680.52,
25,6704.54,,
26,,9082.10,
27,11188.16,,
28,8423.08,,
29,,10619.40,
30,,,6780.82
31,,6945.22,
32,6185.59,,
33,6995.17,,
34,7005.33,,
35,,7054.09,
36,6502.54,,
37,6962.26,,
38,,8199.74,
39,6743.78,,
40,7706.66,,
41,,8477.47,
42,7515.10,,
43,,7807.92,
44,6124.58,,
45,,8580.86,
46,,9284.19,
47,,8612.28,
48,7156.73,,
49,8542.94,,
50,,7032.47,
51,7156.97,,
52,,7376.59,
53,,,6776.07
54,8089.28,,
55,7549.47,,
56,,8105.60,
57,,8014.86,
58,7207.70,,
59,6269.55,,
60,,7428.24,
61,8552.92,,
62,,9530.74,
63,,9406.27,
64,,7715.59,
65,7631.86,,
66,,7496.41,
67,7593.09,,
68,,,6553.12
69,,7418.97,
70,,7938.74,
71,6692.40,,
72,,7502.07,
73,6431.17,,
74,,7147.33,
75,,7689.27,
76,,8053.50,
77,6408.12,,
78,,7209.71,
79,,6794.90,
80,,8177.19,
81,8583.43,,
82,,7681.00,
83,,7436.58,
84,,7575.22,
85,7121.96,,
86,,6973.34,
87,,7876.06,
88,6709.03,,
89,6759.68,,
90,,8111.77,
91,7113.17,,
92,7907.60,,
93,7152.49,,
94,7482.71,,
95,,8016.45,
96,8371.31,,
97,7013.74,,
98,7520.52,,
99,,6652.39,
100,7938.51,,
101,7883.39,,
102,,7831.74,
103,7071.10,,
104,,9134.93,
105,6468.56,,
106,7136.16,,
107,6496.82,,
108,7747.45,,
109,,7608.79,
110,6632.67,,
111,6524.69,,
112,6300.11,,
113,7231.49,,
114,8128.91,,
115,7660.70,,
116,,7939.62,
117,7400.07,,
118,6728.13,,
119,,7709.48,
120,7128.77,,
121,6875.52,,
122,,8268.78,
123,7135.29,,
124,6037.92,,
125,7195.55,,
126,6768.64,,
127,6932.77,,
128,7152.49,,
129,,8079.30,
130,7482.12,,
131,7298.78,,
132,8248.24,,
133,,7911.58,
134,6089.72,,
135,,7437.21,
136,7162.90,,
137,7306.24,,
138,6626.48,,
139,6376.81,,
140,7467.03,,
141,7527.58,,
142,6998.74,,
143,,6807.71,
144,7640.18,,
145,7453.86,,
146,6762.50,,
147,7793.15,,
148,7275.31,,
149,,8733.39,
150,7651.14,,
151,,7452.89,
152,,9022.79,
153,7805.08,,
154,7447.67,,
155,6832.18,,
156,,7692.42,
157,6587.41,,
158,7013.31,,
159,6482.45,,
160,,6807.71,
161,6490.57,,
162,7757.46,,
163,,7623.10,
164,,6883.92,
165,6909.93,,
166,7147.02,,
167,7483.09,,
168,,7167.20,
169,7325.59,,
170,7146.55,,
171,7118.01,,
172,6679.40,,
173,,8022.23,
174,7040.64,,
175,,7307.73,
176,7164.33,,
177,7109.66,,
178,8728.31,,
179,,7707.43,
180,6351.60,,
181,6903.04,,
182,7715.98,,
183,7527.99,,
184,,7827.58,
185,,7769.58,
186,,7521.13,
187,,8903.04,
188,,7558.64,
189,7277.37,,
190,7456.92,,
191,6662.94,,
192,7219.99,,
193,,7159.19,
194,9199.53,,
195,7097.06,,
196,6363.41,,
197,,8412.38,
198,,9830.49,
199,8032.91,,
200,6692.90,,
201,6997.44,,
202,7121.96,,
203,,7753.99,
204,7434.79,,
205,,6704.37,
206,7116.02,,
207,7170.24,,
208,,7809.22,
209,7192.63,,
210,7366.04,,
211,7970.35,,
212,6838.05,,
213,7012.88,,
214,7986.84,,
215,,7454.08,
216,,6856.86,
217,6641.41,,
218,6400.33,,
219,8279.04,,
220,7383.00,,
221,7993.32,,
222,7319.98,,
223,,6644.21,
224,6245.87,,
225,6707.44,,
226,6817.12,,
227,6805.39,,
228,,7911.40,
229,,7610.73,
230,,8446.09,
231,5815.48,,
232,7119.06,,
233,7303.37,,
234,6694.11,,
235,7248.68,,
236,7889.41,,
237,6240.41,,
238,7305.88,,
239,6164.59,,
240,,7672.39,
241,7271.90,,
242,,7437.47,
243,,7954.38,
244,,7760.55,
245,6865.15,,
246,7529.64,,
247,,8290.91,
248,6291.55,,
249,7357.89,,
250,,8319.35,
251,6747.36,,
252,6337.04,,
253,6620.11,,
254,6968.65,,
255,6798.25,,
256,7095.84,,
257,,7556.17,
258,,7344.03,
259,7710.57,,
260,6593.36,,
261,,7082.25,
262,7433.27,,
263,,7949.88,
264,,7974.95,
265,,7912.81,
266,6965.00,,
267,,8236.63,
268,,8353.41,
269,,8234.88,
270,,8141.75,
271,,7350.48,
272,7248.18,,
273,7022.42,,
274,6695.24,,
275,,9038.43,
276,,7214.71,
277,6368.35,,
278,,8896.01,
279,6327.92,,
280,,7704.74,
281,,7160.53,
282,6820.43,,
283,6957.51,,
284,9067.78,,
285,,8634.22,
286,7032.74,,
287,6428.57,,
288,,8104.94,
289,,7322.13,
290,,8105.85,
291,6873.54,,
292,6361.88,,
293,7782.22,,
294,6349.16,,
295,,8032.03,
296,,7880.08,
297,7550.56,,
298,,7128.88,
299,6856.77,,
300,6904.88,,
301,,7238.28,
302,7388.27,,
303,6877.23,,
304,6843.60,,
305,8666.31,,
306,,7456.01,
307,,6899.94,
308,6360.53,,
309,7680.02,,
310,6814.47,,
311,7493.16,,
312,7966.29,,
313,6734.82,,
314,6176.86,,
315,,,6520.56
316,6299.01,,
317,,6857.01,
318,7360.72,,
319,7035.74,,
320,6191.21,,
321,6861.11,,
322,7444.68,,
323,,8069.00,
324,7499.13,,
325,,8640.16,
326,6513.90,,
327,7683.06,,
328,6859.00,,
329,,7444.41,
330,7226.55,,
331,6865.13,,
332,7735.30,,
333,7254.58,,
334,,7149.26,
335,,7999.62,
336,,8254.34,
337,7388.68,,
338,,,6267.51
339,,7413.97,
340,7081.29,,
341,7685.00,,
342,6721.52,,
343,,7890.00,
344,,7358.35,
345,,7215.64,
346,,7822.55,
347,,,6207.96
348,,6594.35,
349,,7919.75,
350,,7957.65,
351,,8439.49,
352,7155.53,,
353,,7357.71,
354,6670.21,,
355,6341.83,,
356,,8222.74,
357,,7065.38,
358,7407.50,,
359,6675.20,,
360,6140.82,,
361,,7804.95,
362,5922.08,,
363,,7249.80,
364,,8875.80,
365,7581.20,,
366,,7676.40,
367,7140.63,,
368,6982.57,,
369,6506.09,,
370,8009.07,,
371,,8442.31,
372,,9178.07,
373,6197.38,,
374,6506.29,,
375,7519.52,,
376,,8686.38,
377,,7190.95,
378,7066.37,,
379,,6930.06,
380,7515.87,,
381,,7417.33,
382,6742.16,,
383,7175.47,,
384,6481.69,,
385,,7125.55,
386,6670.16,,
387,,9344.85,
388,,8653.70,
389,,6423.59,
390,,7524.02,
391,7027.43,,
392,6868.77,,
393,7517.97,,
394,,9713.26,
395,6342.04,,
396,,6721.57,
397,6396.17,,
398,7092.31,,
399,7988.80,,
400,6421.20,,
401,6770.05,,
402,,7533.65,
403,,6558.68,
404,,8213.48,
405,6660.60,,
406,,8411.87,
407,7333.26,,
408,6610.03,,
409,,7930.51,
410,,8614.17,
411,,9053.65,
412,5298.42,,
413,,7200.70,
414,,6693.92,
415,,6820.73,
416,6671.40,,
417,,10216.76,
418,,8222.77,
419,6246.61,,
420,6932.59,,
421,5815.45,,
422,,6550.51,
423,6938.83,,
424,6202.12,,
425,,7210.46,
426,,7621.63,
427,6799.64,,
428,6052.91,,
429,,7718.75,
430,6860.91,,
431,6852.97,,
432,,7031.48,
433,7328.23,,
434,,6636.16,
435,7194.82,,
436,5998.03,,
437,6381.04,,
438,,8084.62,
439,,7562.70,
440,7008.16,,
441,7046.91,,
442,,7111.86,
443,,8229.23,
444,,7623.92,
445,7487.70,,
446,,6744.91,
447,,6862.57,
448,7303.57,,
449,5680.78,,
450,,7436.65,
451,,7243.47,
452,6877.53,,
453,5958.02,,
454,6017.93,,
455,6796.60,,
456,6277.17,,
457,6217.30,,
458,6429.32,,
459,7287.30,,
460,,7633.15,
461,,7423.98,
462,6504.46,,
463,,7659.01,
464,,7561.35,
465,,7039.92,
466,6744.98,,
467,7463.28,,
468,7093.34,,
469,6691.37,,
470,,9866.17,
471,7203.31,,
472,,7811.30,
473,,8063.60,
474,5592.21,,
475,,6353.81,
476,,7086.56,
477,7243.34,,
478,,9597.04,
479,,7268.85,
480,6617.98,,
481,,7575.15,
482,6100.71,,
483,6050.43,,
484,6751.43,,
485,,6977.10,
486,6908.92,,
487,7811.25,,
488,,9226.53,
489,,7727.83,
490,,8207.61,
491,,7101.59,
492,,6872.68,
493,7222.77,,
494,6638.65,,
495,6962.08,,
496,5387.03,,
497,7767.87,,
498,,7528.28,
499,6294.57,,
500,,6936.73,
501,,7215.55,
502,6144.69,,
503,,8062.55,
504,6014.61,,
505,,8500.84,
506,,7036.10,
507,,6659.50,
508,,8541.89,
509,5798.06,,
510,,9515.43,
511,6784.95,,
512,6132.96,,
513,,6680.82,
514,,7900.32,
515,,6880.72,
516,,6753.82,
517,,7067.65,
518,6907.23,,
519,,8415.48,
520,6295.17,,
521,,7737.55,
522,,6748.42,
523,9221.93,,
524,,7485.85,
525,6205.72,,
526,,6425.78,
527,,8473.63,
528,,7331.34,
529,,6460.86,
530,,6998.52,
531,7372.65,,
532,,6785.37,
533,,8127.62,
534,6016.49,,
535,5918.28,,
536,,7561.48,
537,7062.03,,
538,7441.73,,
539,,7813.20,
540,6208.52,,
541,,8640.28,
542,,7239.99,
543,6327.69,,
544,,7552.14,
545,,9162.70,
546,,7142.45,
547,,8491.90,
548,7378.86,,
549,7822.57,,
550,,8390.99,
551,,9775.69,
552,,6592.72,
553,,8265.82,
554,6891.94,,
555,6948.34,,
556,7032.09,,
557,,7216.68,
558,6131.42,,
559,,9541.87,
560,7683.09,,
561,,7846.72,
562,,6742.48,
563,,7161.80,
564,7486.91,,
565,6840.86,,
566,8040.31,,
567,6414.17,,
568,7424.58,,
569,,8052.14,
570,7076.77,,
571,,8171.86,
572,,7879.74,
573,6429.26,,
574,7305.75,,
575,6175.66,,
576,,7289.67,
577,7869.55,,
578,,6981.67,
579,6932.14,,
580,7469.20,,
581,6160.09,,
582,6833.99,,
583,7799.49,,
584,,8217.64,
585,9054.90,,
586,,7098.69,
587,,6605.74,
588,7303.38,,
589,,6838.92,
590,6752.38,,
591,7101.02,,
592,6824.90,,
593,6715.80,,
594,,6713.59,
595,,,6157.42
596,,7950.39,
597,7398.55,,
598,,7474.65,
599,6841.05,,
600,,7746.89,
601,8321.06,,
602,6928.72,,
603,7532.70,,
604,,7862.26,
605,,8912.00,
606,5539.85,,
607,,6888.90,
608,,9023.04,
609,,6917.78,
610,6825.62,,
611,5923.16,,
612,,7640.87,
613,6329.91,,
614,6269.31,,
615,6829.82,,
616,,7500.92,
617,6641.51,,
618,7905.13,,
619,,7273.20,
620,,6962.14,
621,,9695.28,
622,,7825.22,
623,,9205.85,
624,,7374.12,
625,,9569.83,
626,5848.62,,
627,6762.28,,
628,5908.94,,
629,,7106.37,
630,,7025.16,
631,5817.82,,
632,6912.48,,
633,7549.03,,
634,7093.76,,
635,,7444.75,
636,7587.10,,
637,,6902.06,
638,7430.76,,
639,6223.32,,
640,6028.68,,
641,6324.55,,
642,,6616.14,
643,6799.17,,
644,,6928.00,
645,7448.96,,
646,6628.00,,
647,6401.63,,
648,6908.93,,
649,8173.18,,
650,5996.64,,
651,,6994.19,
652,,7575.99,
653,6962.80,,
654,6795.23,,
655,,6581.58,
656,7473.11,,
657,5309.79,,
658,,6649.14,
659,8804.32,,
660,,8512.26,
661,6634.04,,
662,6114.39,,
663,5964.73,,
664,,6632.08,
665,7596.22,,
666,7340.32,,
667,6581.45,,
668,,7585.52,
669,7126.74,,
670,7119.21,,
671,7224.84,,
672,,6185.59,
673,,6831.71,
674,7353.73,,
675,,7801.95,
676,,6789.75,
677,,7469.38,
678,6912.92,,
679,7900.51,,
680,,8952.49,
681,6255.66,,
682,6079.92,,
683,,7364.40,
684,,7349.43,
685,,7289.85,
686,7825.79,,
687,,7080.15,
688,,9618.38,
689,,8378.89,
690,5989.41,,
691,,7869.58,
692,,7631.24,
693,6197.56,,
694,6974.28,,
695,6384.92,,
696,,8243.49,
697,6807.23,,
698,6883.26,,
699,5907.68,,
700,,9129.11,
701,,8109.23,
702,5970.46,,
703,5733.14,,
704,,6309.00,
705,7609.92,,
706,6018.68,,
707,,9168.14,
708,6355.86,,
709,,8037.23,
710,7219.42,,
711,6111.49,,
712,6818.92,,
713,,6890.68,
714,,8907.97,
715,,7870.23,
716,8013.19,,
717,7159.36,,
718,,6367.86,
719,6623.31,,
720,6809.37,,
721,6213.98,,
722,8459.22,,
723,6883.61,,
724,7320.31,,
725,,8080.50,
726,6150.94,,
727,6151.86,,
728,5980.34,,
729,7381.96,,
730,7577.69,,
731,,6901.59,
732,7269.76,,
733,,8383.21,
734,,7584.24,
735,6661.87,,
736,7212.22,,
737,6515.67,,
738,,7055.17,
739,7280.87,,
740,6881.26,,
741,6577.47,,
742,7649.45,,
743,,7935.20,
744,,6881.18,
745,6189.09,,
746,,7221.14,
747,7163.84,,
748,6837.22,,
749,6191.85,,
750,,8488.24,
751,6357.20,,
752,,6872.20,
753,6364.44,,
754,7283.36,,
755,8321.09,,
756,,7717.28,
757,7501.37,,
758,7226.94,,
759,8203.75,,
760,,8171.83,
761,5994.23,,
762,,6613.83,
763,7402.40,,
764,6417.55,,
765,6537.63,,
766,6778.85,,
767,,6324.61,
768,6207.14,,
769,,7500.65,
770,7565.65,,
771,6697.07,,
772,7124.63,,
773,7866.77,,
774,8521.92,,
775,6848.81,,
776,6851.20,,
777,6074.66,,
778,,8220.89,
779,5618.23,,
780,6877.94,,
781,6441.80,,
782,6664.60,,
783,,7863.02,
784,,7740.48,
785,,7234.66,
786,6789.40,,
787,5694.96,,
788,,6494.14,
789,7141.83,,
790,6986.67,,
791,7753.24,,
792,6406.58,,
793,,7767.17,
794,7055.67,,
795,7774.27,,
796,5921.18,,
797,6861.38,,
798,,8281.10,
799,,7720.70,
800,6471.80,,
801,6792.56,,
802,,8274.89,
803,,7619.93,
804,7189.05,,
805,7250.77,,
806,,6617.94,
807,6230.18,,
808,6860.18,,
809,,7138.94,
810,8638.18,,
811,5378.97,,
812,7136.23,,
813,6065.11,,
814,7776.43,,
815,6889.58,,
816,,7537.13,
817,8536.93,,
818,7365.54,,
819,,6653.57,
820,8036.47,,
821,6035.20,,
822,,8185.91,
823,9756.65,,
824,,7481.43,
825,7229.59,,
826,7181.25,,
827,6421.21,,
828,,7760.95,
829,7912.08,,
830,6608.46,,
831,7467.93,,
832,,7533.90,
833,7196.99,,
834,,6884.11,
835,5910.64,,
836,,8558.82,
837,6227.17,,
838,5945.13,,
839,7114.52,,
840,6413.04,,
841,6634.41,,
842,,7269.26,
843,5500.99,,
844,,7524.74,
845,,7172.23,
846,,6758.95,
847,5453.21,,
848,7136.47,,
849,6187.21,,
850,,9192.31,
851,5833.87,,
852,,8441.23,
853,,7010.21,
854,,8658.24,
855,8273.23,,
856,8336.55,,
857,5831.56,,
858,,7021.43,
859,6628.72,,
860,,7113.31,
861,6427.58,,
862,6948.78,,
863,,7507.93,
864,,9200.38,
865,,6742.18,
866,6577.47,,
867,6206.29,,
868,6756.67,,
869,7302.38,,
870,,7145.31,
871,,9192.47,
872,,8880.08,
873,,7578.58,
874,,7489.96,
875,6158.06,,
876,6920.99,,
877,6328.98,,
878,,8936.66,
879,7903.40,,
880,6392.39,,
881,,7811.32,
882,,,6022.23
883,6687.16,,
884,6700.28,,
885,6644.69,,
886,7703.90,,
887,,7751.21,
888,,6925.64,
889,,7905.34,
890,7221.16,,
891,,7286.21,
892,6682.75,,
893,,6906.41,
894,5795.02,,
895,,7946.77,
896,6668.74,,
897,,6427.38,
898,6741.12,,
899,,8679.75,
900,,8074.85,
901,6830.21,,
902,6341.91,,
903,,6474.27,
904,,8286.59,
905,7028.99,,
906,,7786.46,
907,,7548.92,
908,,7263.82,
909,6237.50,,
910,,6543.51,
911,7134.30,,
912,7154.71,,
913,6026.60,,
914,6260.37,,
915,7450.62,,
916,,8788.46,
917,6890.30,,
918,6974.98,,
919,7167.23,,
920,5775.12,,
921,6337.11,,
922,6208.66,,
923,6826.31,,
924,6586.55,,
925,,7318.28,
926,5717.30,,
927,6379.13,,
928,5931.68,,
929,,8252.23,
930,6294.80,,
931,,7081.91,
932,6401.61,,
933,,8101.91,
934,,7609.48,
935,6472.83,,
936,6391.84,,
937,7305.39,,
938,,8078.61,
939,,6320.37,
940,6410.37,,
941,,7560.70,
942,7432.94,,
943,6218.86,,
944,6897.54,,
945,7985.62,,
946,,8515.28,
947,,7208.93,
948,7602.47,,
949,6969.83,,
950,6496.45,,
951,7476.40,,
952,6930.92,,
953,,6857.24,
954,6206.56,,
955,6319.34,,
956,,6491.70,
957,6102.26,,
958,6398.89,,
959,6872.77,,
960,,8202.74,
961,,8499.00,
962,,7060.42,
963,6090.58,,
964,7485.93,,
965,6114.87,,
966,5845.48,,
967,,8041.98,
968,7005.43,,
969,7317.56,,
970,7334.15,,
971,,6506.51,
972,,6968.33,
973,,7710.10,
974,,8195.55,
975,,7547.87,
976,6295.19,,
977,6258.75,,
978,,7544.32,
979,,7945.99,
980,6386.60,,
981,7296.69,,
982,6739.37,,
983,6178.65,,
984,,6742.07,
985,,8104.44,
986,7083.95,,
987,6419.47,,
988,6870.12,,
989,6468.09,,
990,7181.69,,
991,,7152.85,
992,6172.03,,
993,5948.55,,
994,6331.62,,
995,,7651.04,
996,6942.49,,
997,,8017.86,
998,7289.47,,
999,,7827.21,
1000,,7538.07,
1001,,7046.23,
1002,,7057.45,
1003,,7322.93,
1004,,8618.30,
1005,6284.70,,
1006,6141.84,,
1007,7038.61,,
1008,5412.14,,
1009,7522.17,,
1010,,7001.88,
1011,,7227.85,
1012,6553.38,,
1013,,7171.22,
1014,,8664.45,
1015,,7987.00,
1016,,7173.43,
1017,,6540.39,
1018,6405.98,,
1019,,6599.68,
1020,6250.23,,
1021,6839.33,,
1022,6061.49,,
1023,5795.02,,
1024,7141.39,,
1025,6788.74,,
1026,6902.18,,
1027,6000.43,,
1028,5870.36,,
1029,,7028.29,
1030,,7337.85,
1031,,8304.07,
1032,,8501.79,
1033,,8502.12,
1034,5847.43,,
1035,,7883.48,
1036,,7733.08,
1037,6448.64,,
1038,7748.54,,
1039,5988.11,,
1040,6430.19,,
1041,,7712.91,
1042,,7125.96,
1043,7194.98,,
1044,6872.52,,
1045,6051.10,,
1046,6623.32,,
1047,,6904.48,
1048,7402.55,,
1049,,7005.68,
1050,,7617.14,
1051,7124.53,,
1052,6596.17,,
1053,6688.44,,
1054,,10068.71,
1055,6578.70,,
1056,6588.09,,
1057,6604.31,,
1058,,7027.21,
1059,,8216.09,
1060,6527.33,,
1061,6319.51,,
1062,6630.59,,
1063,6589.50,,
1064,,6599.81,
1065,,8272.44,
1066,7734.80,,
1067,6181.89,,
1068,,9120.43,
1069,6316.78,,
1070,7735.17,,
1071,,7045.60,
1072,5770.40,,
1073,7006.74,,
1074,,7312.60,
1075,7060.05,,
1076,6272.98,,
1077,,7723.99,
1078,,8632.37,
1079,6845.64,,
1080,,7516.26,
1081,,7944.45,
1082,,8061.36,
1083,6940.82,,
1084,,6567.95,
1085,,7480.77,
1086,,6171.26,
1087,6185.16,,
1088,7255.90,,
1089,,6837.28,
1090,,6718.60,
1091,5975.08,,
1092,7097.24,,
1093,7689.38,,
1094,6022.77,,
1095,6267.62,,
1096,,6491.70,
1097,6981.98,,
1098,7142.86,,
1099,,9046.67,
1100,8147.94,,
1101,,7222.92,
1102,,8565.38,
1103,,6803.21,
1104,6053.51,,
1105,,7067.38,
1106,7029.10,,
1107,6314.36,,
1108,6683.82,,
1109,6802.38,,
1110,,7229.10,
1111,,7805.57,
1112,,8616.67,
1113,7115.70,,
1114,7071.59,,
1115,,7657.56,
1116,,8865.27,
1117,6805.35,,
1118,6266.69,,
1119,6302.23,,
1120,,6594.60,
1121,,7410.86,
1122,,7470.07,
1123,6900.05,,
1124,,7986.19,
1125,8341.78,,
1126,6634.16,,
1127,,7680.09,
1128,6318.80,,
1129,5963.42,,
1130,,7471.91,
1131,6714.02,,
1132,,7201.66,
1133,6496.88,,
1134,,8804.76,
1135,,7586.53,
1136,6755.69,,
1137,6327.00,,
1138,7364.56,,
1139,5960.46,,
1140,5989.96,,
1141,,6926.08,
1142,,8340.33,
1143,,7645.81,
1144,,7680.63,
1145,6069.62,,
1146,,9228.15,
1147,,7117.15,
1148,7122.96,,
1149,6554.88,,
1150,6689.50,,
1151,6077.25,,
1152,6067.43,,
1153,,7965.90,
1154,6466.44,,
1155,6346.81,,
1156,7386.89,,
1157,6301.44,,
1158,7497.51,,
1159,,7328.16,
1160,6776.90,,
1161,5782.70,,
1162,8026.43,,
1163,,8222.31,
1164,,6926.24,
1165,,9195.82,
1166,6173.40,,
1167,,7540.43,
1168,6128.81,,
1169,,9224.00,
1170,5626.56,,
1171,7019.57,,
1172,6556.03,,
1173,7536.11,,
1174,,8327.37,
1175,6009.28,,
1176,6695.63,,
1177,,6868.73,
1178,6597.66,,
1179,6200.36,,
1180,,7492.60,
1181,,7436.33,
1182,,7350.72,
1183,6046.22,,
1184,7382.03,,
1185,8100.50,,
1186,,8744.58,
1187,7063.70,,
1188,,8428.91,
1189,6035.35,,
1190,7388.76,,
1191,,6423.41,
1192,5894.72,,
1193,,9908.15,
1194,6820.38,,
1195,,6156.06,
1196,5884.63,,
1197,6177.11,,
1198,6516.75,,
1199,6956.90,,
1200,,8643.57,
1201,,7162.29,
1202,6383.31,,
1203,6457.94,,
1204,6399.89,,
1205,,7375.14,
1206,6895.56,,
1207,,7461.00,
1208,6087.86,,
1209,,8238.15,
1210,6753.42,,
1211,,6837.08,
1212,6255.66,,
1213,7254.91,,
1214,5635.21,,
1215,6229.90,,
1216,8389.51,,
1217,6351.49,,
1218,8265.22,,
1219,6257.48,,
1220,6288.73,,
1221,7196.04,,
1222,6342.30,,
1223,6943.79,,
1224,,6514.80,
1225,,6464.66,
1226,,7944.95,
1227,5647.17,,
1228,5895.59,,
1229,6623.79,,
1230,6193.90,,
1231,7332.18,,
1232,,7504.00,
1233,,8437.63,
1234,6741.61,,
1235,,6581.44,
1236,6835.75,,
1237,7819.95,,
1238,,6915.50,
1239,6282.52,,
1240,6697.22,,
1241,,8189.72,
1242,6513.22,,
1243,7615.74,,
1244,6400.75,,
1245,7114.07,,
1246,6822.02,,
1247,6215.49,,
1248,6728.80,,
1249,,7592.85,
1250,7131.69,,
1251,6847.99,,
1252,6135.25,,
1253,7449.91,,
1254,6358.30,,
1255,5727.79,,
1256,6369.53,,
1257,,7246.05,
1258,7398.26,,
1259,,6872.55,
1260,5576.41,,
1261,,6173.21,
1262,,7543.47,
1263,6453.20,,
1264,6643.69,,
1265,,8497.30,
1266,7071.75,,
1267,,6887.77,
1268,7386.89,,
1269,5819.42,,
1270,,8315.92,
1271,,6471.80,
1272,,8768.70,
1273,6411.15,,
1274,6309.93,,
1275,,6970.89,
1276,,6417.72,
1277,,7514.54,
1278,,7193.75,
1279,,7251.71,
1280,,7186.93,
1281,6224.51,,
1282,,8712.93,
1283,6988.82,,
1284,,6748.35,
1285,,7698.90,
1286,,8192.40,
1287,6427.09,,
1288,,6250.41,
1289,,7988.26,
1290,6498.85,,
1291,,7430.66,
1292,7219.89,,
1293,,8302.45,
1294,6265.01,,
1295,6281.67,,
1296,7602.01,,
1297,,7546.20,
1298,6472.83,,
1299,5707.18,,
1300,8065.94,,
1301,6640.80,,
1302,,7105.79,
1303,7045.07,,
1304,5791.76,,
1305,5551.93,,
1306,6558.33,,
1307,5997.77,,
1308,5922.31,,
1309,6290.96,,
1310,6632.36,,
1311,5832.45,,
1312,6508.85,,
1313,7291.65,,
1314,7603.32,,
1315,6798.59,,
1316,6286.56,,
1317,6608.79,,
1318,6200.69,,
1319,7004.70,,
1320,6250.15,,
1321,6892.83,,
1322,,8132.00,
1323,5737.21,,
1324,5646.64,,
1325,,8590.76,
1326,,7731.90,
1327,,7230.57,
1328,7642.30,,
1329,,6302.99,
1330,6654.51,,
1331,5717.30,,
1332,6618.58,,
1333,,10005.10,
1334,,6414.88,
1335,6396.25,,
1336,6728.94,,
1337,6834.23,,
1338,6242.77,,
1339,6245.60,,
1340,6745.84,,
1341,7505.48,,
1342,6558.82,,
1343,8003.35,,
1344,7152.68,,
1345,,6448.05,
1346,6791.68,,
1347,6859.50,,
1348,,6932.93,
1349,,6815.14,
1350,7113.82,,
1351,,7198.24,
1352,7360.22,,
1353,,6796.96,
1354,,7357.42,
1355,,6994.06,
1356,7649.76,,
1357,7302.81,,
1358,7289.49,,
1359,,7575.55,
1360,6983.53,,
1361,7840.60,,
1362,5622.22,,
1363,6480.59,,
1364,6844.59,,
1365,7603.66,,
1366,6420.12,,
1367,,7914.82,
1368,,7936.03,
1369,6867.32,,
1370,6441.36,,
1371,6246.39,,
1372,7669.83,,
1373,6208.69,,
1374,,7490.44,
1375,7313.42,,
1376,6888.06,,
1377,7139.28,,
1378,,7538.66,
1379,6117.00,,
1380,,7575.24,
1381,5856.80,,
1382,5370.68,,
1383,7128.77,,
1384,,7970.87,
1385,6406.73,,
1386,,7878.41,
1387,5246.77,,
1388,6134.02,,
1389,6834.82,,
1390,,8290.19,
1391,,7808.08,
1392,,7635.07,
1393,6413.17,,
1394,5895.59,,
1395,7298.94,,
1396,6477.62,,
1397,5558.25,,
1398,6714.46,,
1399,6048.49,,
1400,6820.11,,
1401,7484.95,,
1402,,7384.33,
1403,,7583.47,
1404,,8193.91,
1405,5675.72,,
1406,6479.09,,
1407,7943.31,,
1408,6993.82,,
1409,7409.66,,
1410,,6276.75,
1411,6133.64,,
1412,,7398.75,
1413,6294.30,,
1414,,6739.59,
1415,7226.37,,
1416,6866.11,,
1417,6840.07,,
1418,7945.97,,
1419,7323.12,,
1420,,7247.67,
1421,,7006.82,
1422,,7992.88,
1423,6371.23,,
1424,6346.87,,
1425,8009.23,,
1426,5667.00,,
1427,7205.73,,
1428,6978.81,,
1429,6161.36,,
1430,,8170.76,
1431,5951.56,,
1432,,7409.85,
1433,7301.12,,
1434,,7508.31,
1435,7785.75,,
1436,,8497.35,
1437,,8090.05,
1438,7196.75,,
1439,6126.31,,
1440,6480.45,,
1441,6016.49,,
1442,,9380.12,
1443,6576.84,,
1444,,7322.78,
1445,7082.88,,
1446,6299.96,,
1447,,8341.08,
1448,,7775.17,
1449,6865.04,,
1450,,7870.71,
1451,,6699.08,
1452,,7864.54,
1453,5722.81,,
1454,,7370.87,
1455,,8259.57,
1456,7450.88,,
1457,7090.73,,
1458,7450.62,,
1459,6724.43,,
1460,7261.20,,
1461,,7321.64,
1462,6616.32,,
1463,6704.88,,
1464,,7898.57,
1465,5795.49,,
1466,6467.17,,
1467,,7705.49,
1468,,6489.28,
1469,6627.91,,
1470,6947.49,,
1471,,8157.49,
1472,,7991.47,
1473,5782.70,,
1474,,7641.40,
1475,7958.91,,
1476,7697.00,,
1477,6110.13,,
1478,,8018.05,
1479,6050.80,,
1480,6608.66,,
1481,6228.78,,
1482,,6694.45,
1483,,8606.15,
1484,6348.82,,
1485,6699.67,,
1486,6446.26,,
1487,7242.63,,
1488,,8472.26,
1489,6992.28,,
1490,6114.75,,
1491,6929.35,,
1492,5782.70,,
1493,,8213.46,
1494,,7404.88,
1495,6915.34,,
1496,,7984.52,
1497,,7604.58,
1498,,6986.97,
1499,6931.03,,
1500,6853.69,,
1501,6483.34,,
1502,,8288.81,
1503,,8274.84,
1504,,6720.27,
1505,6290.38,,
1506,5795.02,,
1507,,7719.97,
1508,5542.45,,
1509,,9378.46,
1510,,7122.95,
1511,6909.29,,
1512,7176.75,,
1513,,9049.51,
1514,,7235.01,
1515,,7990.22,
1516,,6971.98,
1517,,7949.31,
1518,,6135.25,
1519,,7728.16,
1520,,6918.11,
1521,6529.19,,
1522,7114.74,,
1523,,6423.79,
1524,6110.13,,
1525,6220.78,,
1526,,8000.09,
1527,6432.64,,
1528,,7372.90,
1529,,8318.73,
1530,6859.48,,
1531,6256.28,,
1532,6003.00,,
1533,6679.16,,
1534,5559.75,,
1535,6243.53,,
1536,6016.73,,
1537,7382.90,,
1538,7092.32,,
1539,6620.77,,
1540,7943.07,,
1541,6054.41,,
1542,6736.73,,
1543,6460.61,,
1544,6705.76,,
1545,,7403.13,
1546,6984.28,,
1547,,7617.20,
1548,7373.73,,
1549,,7451.43,
1550,,7708.28,
1551,6133.35,,
1552,6090.06,,
1553,,8386.63,
1554,5838.10,,
1555,,7497.38,
1556,6940.26,,
1557,,7272.73,
1558,,6624.74,
1559,7320.20,,
1560,6217.41,,
1561,6845.04,,
1562,7152.22,,
1563,6218.49,,
1564,7293.28,,
1565,,8257.00,
1566,6254.37,,
1567,7152.21,,
1568,6837.64,,
1569,,7003.90,
1570,,,6020.45
1571,,8602.69,
1572,6085.58,,
1573,6748.95,,
1574,,7188.95,
1575,7277.71,,
1576,5547.96,,
1577,,7602.02,
1578,6208.52,,
1579,,7859.98,
1580,6424.97,,
1581,,7017.68,
1582,,8122.98,
1583,,7409.26,
1584,,6501.02,
1585,,7089.55,
1586,6600.65,,
1587,,6171.26,
1588,7797.33,,
1589,6636.48,,
1590,,6345.01,
1591,7248.17,,
1592,,7636.93,
1593,,7281.33,
1594,5741.53,,
1595,,10272.10,
1596,7099.86,,
1597,5551.93,,
1598,7353.61,,
1599,,6990.54,
1600,7105.67,,
1601,6698.86,,
1602,6278.89,,
1603,,7614.46,
1604,,7612.56,
1605,7265.16,,
1606,5773.06,,
1607,,7458.16,
1608,,7419.54,
1609,7250.86,,
1610,6148.33,,
1611,6543.00,,
1612,,7768.80,
1613,,7626.83,
1614,5561.96,,
1615,,8154.35,
1616,,7130.42,
1617,6347.87,,
1618,6275.67,,
1619,6835.45,,
1620,,6950.84,
1621,6316.21,,
1622,7314.60,,
1623,,7339.07,
1624,6646.90,,
1625,,8028.73,
1626,,6964.66,
1627,8338.67,,
1628,6101.36,,
1629,6270.72,,
1630,7925.48,,
1631,6415.97,,
1632,6845.15,,
1633,7616.59,,
1634,6201.48,,
1635,,6876.66,
1636,6502.07,,
1637,7416.70,,
1638,,6802.96,
1639,,8098.36,
1640,7131.00,,
1641,,7735.35,
1642,,6165.26,
1643,6802.95,,
1644,7204.69,,
1645,,9265.82,
1646,,6314.84,
1647,6143.36,,
1648,7555.09,,
1649,,7635.33,
1650,,7370.99,
1651,6781.83,,
1652,5658.31,,
1653,5937.49,,
1654,,8755.96,
1655,,6308.02,
1656,,7801.97,
1657,,8226.51,
1658,6201.04,,
1659,6625.43,,
1660,7329.07,,
1661,,7860.38,
1662,7262.84,,
1663,7954.58,,
1664,6087.86,,
1665,5979.11,,
1666,,7444.55,
1667,6165.10,,
1668,7227.90,,
1669,6139.82,,
1670,,7384.22,
1671,6310.50,,
1672,,8168.60,
1673,,6919.45,
1674,5896.51,,
1675,7313.53,,
1676,,7366.57,
1677,6893.19,,
1678,,7208.93,
1679,,7471.91,
1680,6314.44,,
1681,6098.25,,
1682,,7563.07,
1683,5479.43,,
1684,5895.08,,
1685,7621.50,,
1686,6858.11,,
1687,6436.81,,
1688,,8229.69,
1689,7055.18,,
1690,6100.03,,
1691,6891.73,,
1692,7100.89,,
1693,7365.80,,
1694,,6602.55,
1695,,8743.65,
1696,6069.90,,
1697,5845.25,,
1698,,6440.85,
1699,5714.46,,
1700,5962.03,,
1701,6380.37,,
1702,6329.58,,
1703,7177.75,,
1704,6160.83,,
1705,6566.85,,
1706,6024.60,,
1707,,7730.44,
1708,,7425.10,
1709,,8017.72,
1710,6263.66,,
1711,5731.13,,
1712,6855.47,,
1713,8151.65,,
1714,6541.43,,
1715,6311.51,,
1716,,8006.27,
1717,,6440.85,
1718,7069.89,,
1719,,6909.30,
1720,7061.14,,
1721,7694.63,,
1722,8012.89,,
1723,6330.59,,
1724,6798.84,,
1725,,7525.37,
1726,5981.77,,
1727,5729.35,,
1728,,8700.72,
1729,6449.88,,
1730,,7926.74,
1731,6165.57,,
1732,6160.36,,
1733,,7714.39,
1734,6720.86,,
1735,,6835.33,
1736,,9219.02,
1737,,6512.84,
1738,6358.14,,
1739,,6234.18,
1740,,6382.95,
1741,7344.71,,
1742,,7644.57,
1743,,6425.25,
1744,,6633.55,
1745,7385.47,,
1746,,8187.15,
1747,7947.83,,
1748,,7342.43,
1749,6977.77,,
1750,7295.49,,
1751,,7152.92,
1752,,10389.40,
1753,6281.28,,
1754,,7477.36,
1755,5688.93,,
1756,6682.75,,
1757,6873.47,,
1758,,8170.05,
1759,,7231.68,
1760,,6301.74,
1761,,8031.58,
1762,,9474.44,
1763,,7800.34,
1764,6703.45,,
1765,,7533.74,
1766,,7800.32,
1767,7028.32,,
1768,,6835.13,
1769,7131.01,,
1770,,9228.82,
1771,5863.49,,
1772,,7181.77,
1773,6850.07,,
1774,6784.34,,
1775,,6900.33,
1776,,7059.08,
1777,6942.06,,
1778,6445.47,,
1779,6817.99,,
1780,5717.30,,
1781,6472.82,,
1782,6654.25,,
1783,7255.90,,
1784,,7657.01,
1785,6340.66,,
1786,7529.29,,
1787,,6310.45,
1788,5591.97,,
1789,,8323.74,
1790,7305.27,,
1791,7339.85,,
1792,,7021.43,
1793,6429.91,,
1794,5814.92,,
1795,6058.50,,
1796,5936.05,,
1797,6791.86,,
1798,,7642.65,
1799,6943.50,,
1800,,7748.45,
1801,6679.64,,
1802,6249.38,,
1803,6628.00,,
1804,6214.73,,
1805,,7176.54,
1806,,7189.96,
1807,,6584.70,
1808,,8045.41,
1809,8195.80,,
1810,,9076.16,
1811,5884.06,,
1812,7940.35,,
1813,7094.28,,
1814,,7521.68,
1815,,6965.55,
1816,,6672.95,
1817,8010.58,,
1818,,6690.13,
1819,5634.85,,
1820,,8689.81,
1821,,6708.94,
1822,6782.06,,
1823,6569.47,,
1824,,6677.34,
1825,7703.63,,
1826,,9003.08,
1827,,7692.80,
1828,,7483.88,
1829,6599.79,,
1830,6999.16,,
1831,7692.06,,
1832,7216.47,,
1833,6148.33,,
1834,,8687.53,
1835,6728.83,,
1836,6735.33,,
1837,,9195.82,
1838,,6739.44,
1839,,7021.76,
1840,7746.76,,
1841,,8102.19,
1842,,8120.30,
1843,6152.98,,
1844,,8941.31,
1845,6812.32,,
1846,,8302.33,
1847,,8283.13,
1848,6515.01,,
1849,6839.31,,
1850,,8502.80,
1851,6710.82,,
1852,,7493.68,
1853,,8706.20,
1854,,6665.51,
1855,,7344.69,
1856,,7852.96,
1857,6182.95,,
1858,6932.80,,
1859,6548.34,,
1860,,6940.88,
1861,8156.74,,
1862,,6830.39,
1863,5751.96,,
1864,7424.04,,
1865,,6665.93,
1866,,6837.08,
1867,,7238.66,
1868,6188.50,,
1869,7178.05,,
1870,6019.50,,
1871,8156.76,,
1872,6270.38,,
1873,5487.96,,
1874,,7983.92,
1875,,7659.84,
1876,,6665.65,
1877,7119.83,,
1878,,7635.14,
1879,6984.52,,
1880,,7085.73,
1881,8124.38,,
1882,7331.57,,
1883,,8474.14,
1884,,8755.96,
1885,,8613.98,
1886,,8065.88,
1887,,7529.58,
1888,5985.80,,
1889,,7821.98,
1890,7677.92,,
1891,,7210.58,
1892,6091.08,,
1893,,8117.91,
1894,,6682.27,
1895,,6898.54,
1896,6715.73,,
1897,,6912.09,
1898,5791.94,,
1899,6950.42,,
1900,6002.51,,
1901,6576.83,,
1902,6885.08,,
1903,8299.64,,
1904,,7312.26,
1905,5923.25,,
1906,6993.83,,
1907,8369.19,,
1908,,8437.09,
1909,,7667.29,
1910,7414.58,,
1911,,8514.01,
1912,6313.07,,
1913,6764.71,,
1914,6532.46,,
1915,,7235.01,
1916,5620.40,,
1917,,6949.36,
1918,7631.59,,
1919,6685.56,,
1920,,7140.91,
1921,,7852.96,
1922,5732.78,,
1923,,8556.58,
1924,,7127.32,
1925,,7390.36,
1926,6657.12,,
1927,7024.96,,
1928,6064.36,,
1929,6682.75,,
1930,,6868.71,
1931,7299.06,,
1932,6391.60,,
1933,6694.93,,
1934,6338.49,,
1935,5883.10,,
1936,5928.88,,
1937,7320.98,,
1938,6722.48,,
1939,,7388.05,
1940,6630.49,,
1941,7994.41,,
1942,7330.04,,
1943,6832.10,,
1944,6863.11,,
1945,7697.28,,
1946,7874.52,,
1947,9492.53,,
1948,6124.82,,
1949,5242.26,,
1950,7438.43,,
1951,7346.02,,
1952,6617.43,,
1953,,6477.35,
1954,6542.00,,
1955,6917.77,,
1956,,7416.60,
1957,5620.64,,
1958,7860.48,,
1959,6881.06,,
1960,6870.56,,
1961,,8277.74,
1962,,7778.22,
1963,6048.49,,
1964,,7653.47,
1965,6940.26,,
1966,6237.32,,
1967,7142.53,,
1968,5968.16,,
1969,,6280.89,
1970,6203.67,,
1971,6388.36,,
1972,,7380.01,
1973,5551.93,,
1974,6073.21,,
1975,6902.78,,
1976,5907.56,,
1977,5801.37,,
1978,6426.97,,
1979,6495.45,,
1980,5883.86,,
1981,6071.81,,
1982,,7658.42,
1983,6612.78,,
1984,,7728.69,
1985,6056.08,,
1986,6403.55,,
1987,,6321.17,
1988,,8705.83,
1989,6249.62,,
1990,,8274.84,
1991,6249.44,,
1992,,7213.60,
1993,6052.79,,
1994,7286.50,,
1995,,7633.57,
1996,7120.76,,
1997,5689.11,,
1998,,6980.00,
1999,5667.79,,
2000,6296.42,,
2001,8225.33,,
2002,6111.39,,
2003,6180.56,,
2004,6107.72,,
2005,,7912.21,
2006,7611.78,,
2007,6646.98,,
2008,6600.93,,
2009,7248.03,,
2010,,8796.17,
2011,7208.93,,
2012,6320.94,,
2013,6055.82,,
2014,5942.62,,
2015,,8041.80,
2016,,7492.61,
2017,6412.04,,
2018,6167.20,,
2019,5985.80,,
2020,6483.35,,
2021,5940.57,,
2022,7110.76,,
2023,6730.58,,
2024,,7692.91,
2025,6361.81,,
2026,6094.10,,
2027,,8028.94,
2028,7570.75,,
2029,6158.08,,
2030,,7180.41,
2031,7595.58,,
2032,,6793.79,
2033,7396.67,,
2034,,7586.45,
2035,6812.59,,
2036,,7270.47,
2037,6128.30,,
2038,6973.86,,
2039,,6899.05,
2040,,6888.62,
2041,,7260.73,
2042,,6440.85,
2043,6167.20,,
2044,6218.49,,
2045,,6424.91,
2046,,7672.57,
2047,,7306.68,
2048,7295.42,,
2049,8004.29,,
2050,7162.04,,
2051,6349.50,,
2052,,6493.06,
2053,6609.15,,
2054,,7721.56,
2055,6440.00,,
2056,7628.80,,
2057,6643.85,,
2058,7178.75,,
2059,,6459.96,
2060,6174.89,,
2061,,7518.08,
2062,8067.39,,
2063,7435.67,,
2064,,7481.40,
2065,,7214.18,
2066,6438.71,,
2067,6320.94,,
2068,,8034.38,
2069,6273.52,,
2070,,6826.20,
2071,6407.76,,
2072,,8419.97,
2073,6897.60,,
2074,6413.92,,
2075,6560.46,,
2076,,7510.32,
2077,6026.82,,
2078,6280.25,,
2079,,9006.71,
2080,,7337.95,
2081,6009.05,,
2082,8756.64,,
2083,6127.31,,
2084,,7436.91,
2085,6172.17,,
2086,6386.10,,
2087,7116.18,,
2088,7154.34,,
2089,6483.36,,
2090,6738.55,,
2091,6043.94,,
2092,,8181.67,
2093,7177.42,,
2094,5666.01,,
2095,6138.76,,
2096,5392.24,,
2097,,8329.10,
2098,,7093.88,
2099,6842.17,,
2100,7958.91,,
2101,7197.80,,
2102,7331.50,,
2103,6451.84,,
2104,6503.34,,
2105,,7100.53,
2106,,6842.93,
2107,6387.06,,
2108,,6294.54,
2109,7615.40,,
2110,7180.51,,
2111,,6765.34,
2112,7349.36,,
2113,,7500.58,
2114,,7350.50,
2115,6513.14,,
2116,5650.02,,
2117,7351.78,,
2118,,7377.90,
2119,6940.53,,
2120,5820.13,,
2121,,6575.99,
2122,,7100.18,
2123,6856.52,,
2124,,6861.01,
2125,6362.61,,
2126,6600.47,,
2127,6945.92,,
2128,,6932.93,
2129,6339.64,,
2130,5660.68,,
2131,,7377.90,
2132,7432.83,,
2133,7262.84,,
2134,5955.50,,
2135,5648.12,,
2136,6429.91,,
2137,,6563.10,
2138,6721.70,,
2139,6672.07,,
2140,5935.34,,
2141,7010.15,,
2142,6341.07,,
2143,5870.36,,
2144,,7426.84,
2145,,8489.03,
2146,,8393.47,
2147,,6730.85,
2148,,6731.99,
2149,6429.96,,
2150,,6863.01,
2151,6632.84,,
2152,6919.30,,
2153,,8456.42,
2154,,7056.90,
2155,,8001.63,
2156,,7999.07,
2157,6790.06,,
2158,,8046.33,
2159,6022.77,,
2160,6724.92,,
2161,,7680.30,
2162,5968.16,,
2163,,7469.21,
2164,6590.88,,
2165,,6886.38,
2166,6419.22,,
2167,,6651.05,
2168,6512.01,,
2169,5714.46,,
2170,6945.43,,
2171,6208.69,,
2172,5550.90,,
2173,,8769.44,
2174,6150.93,,
2175,6317.34,,
2176,6817.29,,
2177,6153.89,,
2178,6545.89,,
2179,6515.48,,
2180,7359.62,,
2181,7424.20,,
2182,6583.24,,
2183,,7447.58,
2184,7533.03,,
2185,7158.45,,
2186,6934.81,,
2187,5912.06,,
2188,7399.02,,
2189,,6569.20,
2190,,7150.79,
2191,,9136.17,
2192,5977.69,,
2193,,6049.77,
2194,,8252.77,
2195,,7814.66,
2196,,6814.58,
2197,6043.01,,
2198,,7673.15,
2199,7181.69,,
2200,,6572.02,
2201,,7287.44,
2202,,7481.40,
2203,,8813.23,
2204,,7586.45,
2205,6111.75,,
2206,,7052.20,
2207,6265.01,,
2208,5969.68,,
2209,5304.34,,
2210,,7073.21,
2211,6660.81,,
2212,6628.00,,
2213,6339.64,,
2214,,7125.77,
2215,6336.36,,
2216,5412.14,,
2217,6052.79,,
2218,7295.09,,
2219,7213.21,,
2220,6292.86,,
2221,6089.09,,
2222,6357.90,,
2223,6938.95,,
2224,,7479.89,
2225,6339.32,,
2226,8080.54,,
2227,,6459.38,
2228,6622.61,,
2229,6672.13,,
2230,7424.99,,
2231,,7604.93,
2232,,9180.95,
2233,,7197.18,
2234,6196.37,,
2235,6850.07,,
2236,7577.16,,
2237,,7102.69,
2238,6481.63,,
2239,8099.78,,
2240,,8291.72,
2241,6367.25,,
2242,,8855.15,
2243,6389.43,,
2244,7412.35,,
2245,,6521.34,
2246,6160.88,,
2247,,9564.69,
2248,7550.11,,
2249,5848.09,,
2250,6639.97,,
2251,,6309.89,
2252,6262.56,,
2253,6935.42,,
2254,5791.54,,
2255,6740.65,,
2256,5432.52,,
2257,,6619.95,
2258,,6792.69,
2259,,7854.54,
2260,6423.11,,
2261,6587.61,,
2262,6940.53,,
2263,7653.38,,
2264,7475.61,,
2265,,8591.79,
2266,5722.01,,
2267,7066.93,,
2268,6148.48,,
2269,7780.52,,
2270,,6252.52,
2271,,9370.79,
2272,6658.06,,
2273,7933.73,,
2274,7126.38,,
2275,6146.83,,
2276,7052.00,,
2277,6626.71,,
2278,6835.45,,
2279,5837.19,,
2280,7360.56,,
2281,,7362.13,
2282,6870.62,,
2283,6693.85,,
2284,,7657.44,
2285,6753.65,,
2286,,9011.93,
2287,,7403.63,
2288,6539.85,,
2289,,6294.70,
2290,,7384.41,
2291,,7238.10,
2292,,7131.26,
2293,6754.36,,
2294,,7691.47,
2295,6795.63,,
2296,7372.21,,
2297,6522.86,,
2298,6366.20,,
2299,6616.13,,
2300,7964.01,,
2301,,7633.21,
2302,5976.10,,
2303,6478.09,,
2304,6781.75,,
2305,7928.64,,
2306,6797.94,,
2307,6619.73,,
2308,6746.88,,
2309,,8193.68,
2310,5913.92,,
2311,7348.34,,
2312,,6681.72,
2313,,7599.01,
2314,,7456.36,
2315,,7312.26,
2316,6320.94,,
2317,,7160.10,
2318,7093.93,,
2319,,8235.91,
2320,6809.33,,
2321,,7468.33,
2322,,6595.18,
2323,,7463.34,
2324,7044.36,,
2325,6925.35,,
2326,,8034.38,
2327,,6403.29,
2328,6045.45,,
2329,6568.39,,
2330,,7330.44,
2331,,7541.85,
2332,,7552.86,
2333,,6734.27,
2334,5498.62,,
2335,,8561.36,
2336,5996.17,,
2337,8026.87,,
2338,,6301.73,
2339,6204.95,,
2340,,6748.23,
2341,,6047.31,
2342,6724.32,,
2343,,8489.77,
2344,6627.43,,
2345,,6582.25,
2346,8715.28,,
2347,6810.18,,
2348,5864.04,,
2349,6740.67,,
2350,,7228.19,
2351,6474.69,,
2352,,7599.28,
2353,5551.93,,
2354,,6815.76,
2355,6612.73,,
2356,,8605.31,
2357,,7203.51,
2358,,8323.05,
2359,,7926.80,
2360,6607.21,,
2361,,7236.84,
2362,,6924.46,
2363,6112.57,,
2364,,7786.18,
2365,,8200.62,
2366,6716.95,,
2367,6718.13,,
2368,7657.34,,
2369,6011.88,,
2370,6845.15,,
2371,6671.58,,
2372,,6473.58,
2373,8538.39,,
2374,6812.59,,
2375,6731.64,,
2376,,8488.51,
2377,,7549.72,
2378,6307.49,,
2379,7739.24,,
2380,,6349.03,
2381,6331.33,,
2382,7207.41,,
2383,6222.60,,
2384,5887.80,,
2385,,8870.90,
2386,,6909.27,
2387,6185.00,,
2388,,6950.91,
2389,,7808.23,
2390,6740.54,,
2391,,7850.90,
2392,5552.72,,
2393,6738.77,,
2394,6624.98,,
2395,6038.00,,
2396,6712.66,,
2397,,8175.60,
2398,,7301.49,
2399,6306.12,,
2400,6142.08,,
2401,6118.38,,
2402,6456.40,,
2403,6980.55,,
2404,6296.55,,
2405,7623.86,,
2406,6862.17,,
2407,,9288.04,
2408,,7398.75,
2409,6825.44,,
2410,,7519.10,
2411,,7258.48,
2412,6932.80,,
2413,6646.58,,
2414,6227.84,,
2415,,8393.50,
2416,,6162.68,
2417,7558.30,,
2418,7459.79,,
2419,,7424.01,
2420,7529.54,,
2421,6424.70,,
2422,,6312.23,
2423,6978.36,,
2424,6750.00,,
2425,,9072.75,
2426,7132.56,,
2427,6806.23,,
2428,5672.85,,
2429,,7858.19,
2430,6463.35,,
2431,7328.25,,
2432,7198.50,,
2433,7094.28,,
2434,6401.98,,
2435,6011.33,,
2436,7229.05,,
2437,7356.53,,
2438,,6817.60,
2439,,7372.79,
2440,6631.44,,
2441,6435.15,,
2442,6723.32,,
2443,7712.91,,
2444,6732.19,,
2445,7598.35,,
2446,,8117.47,
2447,6122.53,,
2448,,7150.04,
2449,7208.73,,
2450,6949.57,,
2451,,7854.54,
2452,,6937.49,
2453,8242.19,,
2454,5997.76,,
2455,,7673.31,
2456,,7366.05,
2457,6592.40,,
2458,,6447.85,
2459,,7048.91,
2460,7438.00,,
2461,,8820.07,
2462,7167.48,,
2463,6325.26,,
2464,6430.62,,
2465,,8660.10,
2466,5928.88,,
2467,6308.84,,
2468,,8027.85,
2469,5729.35,,
2470,,8315.05,
2471,7248.03,,
2472,,7476.96,
2473,7871.89,,
2474,6461.79,,
2475,6519.45,,
2476,,7021.42,
2477,6605.69,,
2478,5820.13,,
2479,,7690.98,
2480,6849.66,,
2481,6708.67,,
2482,7175.04,,
2483,6764.84,,
2484,,6344.00,
2485,6329.61,,
2486,7262.22,,
2487,6062.33,,
2488,6284.51,,
2489,,6586.07,
2490,5937.49,,
2491,6557.17,,
2492,,6658.37,
2493,5980.34,,
2494,6869.79,,
2495,6519.33,,
2496,6362.89,,
2497,,7970.87,
2498,,7846.37,
2499,6025.75,,
2500,7730.41,,
2501,6369.53,,
2502,7615.40,,
2503,6742.69,,
2504,,8285.51,
2505,,7320.80,
2506,7087.53,,
2507,,7680.77,
2508,6467.00,,
2509,6325.26,,
2510,6011.28,,
2511,,6944.77,
2512,6861.23,,
2513,,7615.62,
2514,7185.28,,
2515,7902.73,,
2516,,9265.91,
2517,,6294.54,
2518,6974.35,,
2519,,7393.82,
2520,6046.22,,
2521,7019.42,,
2522,7963.76,,
2523,,7421.12,
2524,6512.75,,
2525,,7347.48,
2526,8124.38,,
2527,,6314.84,
2528,6764.69,,
2529,,7794.76,
2530,,7476.45,
2531,,6309.00,
2532,7187.74,,
2533,7479.41,,
2534,7644.72,,
2535,7029.89,,
2536,,7198.59,
2537,,8244.80,
2538,7242.32,,
2539,6643.26,,
2540,6720.75,,
2541,,7146.51,
2542,6083.60,,
2543,8010.19,,
2544,5660.68,,
2545,,8479.48,
2546,,8034.01,
2547,,6819.68,
2548,,6528.60,
2549,,6527.60,
2550,7664.51,,
2551,,8026.54,
2552,7775.26,,
2553,6731.64,,
2554,5775.12,,
2555,,8437.38,
2556,6908.11,,
2557,,6804.80,
2558,7389.47,,
2559,6323.53,,
2560,6429.91,,
2561,6167.05,,
2562,7012.01,,
2563,,7288.14,
2564,6680.12,,
2565,,6542.98,
2566,7729.19,,
2567,5844.03,,
2568,,6974.03,
2569,5543.46,,
2570,6074.41,,
2571,7043.55,,
2572,5634.85,,
2573,6088.75,,
2574,7092.63,,
2575,7560.32,,
2576,6256.40,,
2577,6413.93,,
2578,7662.35,,
2579,6343.34,,
2580,,6990.18,
2581,6055.59,,
2582,5883.86,,
2583,,8375.00,
2584,5511.65,,
2585,,6784.01,
2586,,8193.91,
2587,,8274.23,
2588,6407.32,,
2589,6936.58,,
2590,7009.30,,
2591,6992.60,,
2592,7643.89,,
2593,7607.48,,
2594,,7203.51,
2595,7100.71,,
2596,6570.25,,
2597,6341.91,,
2598,7240.18,,
2599,6390.07,,
2600,6299.97,,
2601,,8000.09,
2602,6622.04,,
2603,,8385.08,
2604,6156.26,,
2605,6479.92,,
2606,5976.10,,
2607,6002.51,,
2608,6632.39,,
2609,6256.84,,
2610,6076.96,,
2611,8396.72,,
2612,6048.83,,
2613,6803.54,,
2614,,6705.26,
2615,7641.77,,
2616,7789.48,,
2617,,7081.21,
2618,6915.27,,
2619,5995.99,,
2620,,8424.41,
2621,7152.46,,
2622,,8243.84,
2623,7046.15,,
2624,7263.02,,
2625,,7060.61,
2626,6205.06,,
2627,,8505.23,
2628,,7148.10,
2629,,7382.57,
2630,7049.00,,
2631,,7627.21,
2632,6582.31,,
2633,7462.11,,
2634,,6852.17,
2635,6181.27,,
2636,6329.58,,
2637,5919.72,,
2638,6148.48,,
2639,,7104.69,
2640,,8104.88,
2641,6294.30,,
2642,,8553.72,
2643,6161.61,,
2644,,7979.66,
2645,,7901.41,
2646,,8266.30,
2647,,8460.27,
2648,6330.95,,
2649,6141.64,,
2650,,7438.52,
2651,6167.05,,
2652,,7337.08,
2653,,7999.07,
2654,7293.57,,
2655,,7237.86,
2656,,,5989.59
2657,6013.46,,
2658,7358.17,,
2659,6795.38,,
2660,,8962.47,
2661,7552.80,,
2662,6359.19,,
2663,,7032.49,
2664,6888.75,,
2665,6929.80,,
2666,6730.83,,
2667,5876.52,,
2668,6295.02,,
2669,6763.39,,
2670,,,5901.69
2671,,6616.76,
2672,6575.01,,
2673,,7297.83,
2674,7486.99,,
2675,5575.62,,
2676,6063.72,,
2677,,7450.50,
2678,,7976.85,
2679,5984.74,,
2680,6445.69,,
2681,5921.26,,
2682,,6578.16,
2683,7665.91,,
2684,,6891.54,
2685,6600.03,,
2686,,7076.61,
2687,6858.88,,
2688,7597.73,,
2689,,6191.69,
2690,,7019.39,
2691,5606.19,,
2692,7421.29,,
2693,,6059.03,
2694,7761.96,,
2695,,8258.68,
2696,7827.32,,
2697,,7768.59,
2698,7695.89,,
2699,6012.94,,
2700,7036.84,,
2701,7243.54,,
2702,6478.76,,
2703,6693.58,,
2704,6434.18,,
2705,6494.30,,
2706,7167.20,,
2707,,6383.25,
2708,,6801.86,
2709,,7877.52,
2710,7359.64,,
2711,6267.59,,
2712,,7471.44,
2713,7066.68,,
2714,7030.98,,
2715,,6988.07,
2716,,8596.68,
2717,,7134.93,
2718,,6859.61,
2719,,7211.57,
2720,,7799.04,
2721,6018.69,,
2722,,6704.11,
2723,,7117.93,
2724,6494.08,,
2725,,7443.43,
2726,6500.08,,
2727,,6769.34,
2728,,8371.07,
2729,5985.44,,
2730,7282.99,,
2731,,8662.15,
2732,6550.96,,
2733,6306.59,,
2734,6836.21,,
2735,,7596.43,
2736,,6346.08,
2737,,7712.36,
2738,5966.99,,
2739,8567.95,,
2740,6408.00,,
2741,6209.96,,
2742,7626.68,,
2743,,7066.07,
2744,,7365.18,
2745,6947.20,,
2746,6143.74,,
2747,7397.96,,
2748,,7535.25,
2749,6289.80,,
2750,5544.88,,
2751,6926.55,,
2752,6842.00,,
2753,6292.88,,
2754,,7521.24,
2755,6632.17,,
2756,,7757.93,
2757,6639.49,,
2758,6633.16,,
2759,6655.20,,
2760,6779.15,,
2761,6807.83,,
2762,6205.16,,
2763,7738.94,,
2764,6372.49,,
2765,,8087.82,
2766,,6788.07,
2767,,8003.95,
2768,,6892.34,
2769,6360.53,,
2770,7479.88,,
2771,7592.35,,
2772,6757.14,,
2773,,7895.11,
2774,,7710.58,
2775,7818.21,,
2776,,7811.24,
2777,6317.21,,
2778,7642.51,,
2779,,6593.99,
2780,6787.53,,
2781,7182.32,,
2782,6416.90,,
2783,6623.21,,
2784,5882.58,,
2785,6917.89,,
2786,,7098.81,
2787,,6737.43,
2788,7748.41,,
2789,5910.64,,
2790,6537.27,,
2791,6666.18,,
2792,7281.71,,
2793,,6157.42,
2794,,6951.23,
2795,6297.65,,
2796,5937.69,,
2797,6062.14,,
2798,,6790.19,
2799,,7114.30,
2800,6093.00,,
2801,,6583.00,
2802,6889.17,,
2803,6134.77,,
2804,6088.81,,
2805,6719.04,,
2806,7251.94,,
2807,6812.22,,
2808,,7910.79,
2809,6558.21,,
2810,6084.51,,
2811,,8341.53,
2812,6830.69,,
2813,7287.12,,
2814,5675.57,,
2815,5945.70,,
2816,,7675.02,
2817,,6942.87,
2818,,6243.67,
2819,5669.92,,
2820,6957.12,,
2821,,7720.52,
2822,,6549.16,
2823,,7631.88,
2824,,6688.30,
2825,7086.14,,
2826,7237.36,,
2827,,6447.04,
2828,7590.20,,
2829,,7133.19,
2830,,7103.86,
2831,7549.75,,
2832,7070.80,,
2833,7462.34,,
2834,6553.85,,
2835,,7321.41,
2836,,7120.29,
2837,5978.87,,
2838,,7237.64,
2839,6583.00,,
2840,6535.84,,
2841,,6297.30,
2842,7684.92,,
2843,5675.13,,
2844,,6473.25,
2845,,6782.19,
2846,,8156.68,
2847,,8102.95,
2848,,7508.90,
2849,,6998.33,
2850,,6856.27,
2851,,7408.37,
2852,6263.19,,
2853,6493.61,,
2854,,7376.80,
2855,,8091.39,
2856,6724.17,,
2857,,7360.07,
2858,7869.95,,
2859,,7565.12,
2860,7948.52,,
2861,,6965.50,
2862,6741.24,,
2863,,9686.87,
2864,,7099.52,
2865,7595.43,,
2866,,7064.70,
2867,6477.90,,
2868,6206.29,,
2869,,7620.20,
2870,6109.80,,
2871,,7656.13,
2872,6815.83,,
2873,6528.86,,
2874,,6538.90,
2875,,7475.30,
2876,7234.30,,
2877,,7528.12,
2878,5581.54,,
2879,,7040.43,
2880,,8349.70,
2881,5234.92,,
2882,5951.15,,
2883,,7290.59,
2884,,8151.17,
2885,,6162.68,
2886,8505.80,,
2887,5699.77,,
2888,7631.77,,
2889,7826.55,,
2890,6577.41,,
2891,,6414.65,
2892,7083.46,,
2893,7588.02,,
2894,6742.49,,
2895,6142.09,,
2896,7895.20,,
2897,6439.01,,
2898,7142.10,,
2899,,8311.94,
2900,6744.93,,
2901,7691.22,,
2902,,8211.51,
2903,6495.76,,
2904,,6861.98,
2905,6412.77,,
2906,,6148.65,
2907,,8637.61,
2908,6119.32,,
2909,,8480.15,
2910,6979.60,,
2911,,8272.18,
2912,,7477.52,
2913,,6517.49,
2914,7327.76,,
2915,5472.79,,
2916,6752.55,,
2917,7438.07,,
2918,6402.06,,
2919,,7080.64,
2920,,7529.60,
2921,5846.19,,
2922,,6907.70,
2923,6476.80,,
2924,7209.30,,
2925,,7734.70,
2926,6043.37,,
2927,6510.22,,
2928,,6825.01,
2929,,8027.72,
2930,5980.95,,
2931,,6293.36,
2932,6076.67,,
2933,7049.46,,
2934,7563.09,,
2935,,7992.47,
2936,6837.05,,
2937,7372.77,,
2938,,6708.68,
2939,,7246.74,
2940,8008.12,,
2941,7519.14,,
2942,8600.93,,
2943,6960.07,,
2944,7348.25,,
2945,,6372.26,
2946,6684.73,,
2947,5800.94,,
2948,5778.01,,
2949,6182.34,,
2950,,7777.68,
2951,7251.25,,
2952,,6915.35,
2953,,8133.40,
2954,6395.16,,
2955,,6789.83,
2956,,8406.10,
2957,,6593.99,
2958,8221.68,,
2959,,7023.05,
2960,,6878.42,
2961,7458.22,,
2962,5770.49,,
2963,6420.47,,
2964,6885.83,,
2965,,6733.31,
2966,7289.09,,
2967,5751.13,,
2968,5999.68,,
2969,,7803.19,
2970,6902.35,,
2971,,7742.97,
2972,7043.79,,
2973,6842.64,,
2974,5997.82,,
2975,,7929.86,
2976,6824.61,,
2977,8093.98,,
2978,,8083.06,
2979,,6790.23,
2980,,8172.52,
2981,,6632.11,
2982,6043.96,,
2983,6890.03,,
2984,6965.79,,
2985,7795.91,,
2986,6806.47,,
2987,8125.64,,
2988,6395.43,,
2989,7325.89,,
2990,,8785.52,
2991,,7287.00,
2992,6225.48,,
2993,,6942.87,
2994,6768.48,,
2995,6909.83,,
2996,7167.67,,
2997,5895.08,,
2998,6565.40,,
2999,,7339.98,
3000,7119.67,,
3001,7414.47,,
3002,7006.48,,
3003,7519.79,,
3004,6734.60,,
3005,6671.37,,
3006,5827.30,,
3007,5703.74,,
3008,6938.36,,
3009,5840.88,,
3010,7294.48,,
3011,5617.79,,
3012,,8449.29,
3013,7160.54,,
3014,,8577.53,
3015,7784.05,,
3016,7076.15,,
3017,,7845.85,
3018,6263.84,,
3019,,6516.10,
3020,,6315.71,
3021,,7509.21,
3022,6253.95,,
3023,,8291.97,
3024,,7071.38,
3025,,7395.88,
3026,5614.32,,
3027,,6406.05,
3028,7180.01,,
3029,,6184.61,
3030,6895.35,,
3031,7435.51,,
3032,,6751.14,
3033,6309.93,,
3034,6947.63,,
3035,6322.73,,
3036,,6681.50,
3037,,6778.20,
3038,,6597.44,
3039,5900.87,,
3040,,7471.04,
3041,6452.26,,
3042,,6717.33,
3043,,8028.93,
3044,7396.14,,
3045,6310.15,,
3046,8065.92,,
3047,,7955.72,
3048,6008.38,,
3049,,7678.90,
3050,,7533.32,
3051,,6671.41,
3052,,8562.80,
3053,6282.57,,
3054,7404.87,,
3055,,7199.64,
3056,7379.86,,
3057,7783.33,,
3058,,8463.38,
3059,,6727.24,
3060,5766.59,,
3061,6532.72,,
3062,,6843.73,
3063,6365.94,,
3064,,7326.36,
3065,7583.42,,
3066,6003.20,,
3067,,6702.87,
3068,7425.98,,
3069,,7952.61,
3070,5978.87,,
3071,6142.88,,
3072,6751.54,,
3073,6479.52,,
3074,6519.45,,
3075,6153.13,,
3076,6824.18,,
3077,,6994.06,
3078,7104.64,,
3079,6406.24,,
3080,6234.47,,
3081,7791.93,,
3082,,7440.29,
3083,,6628.53,
3084,6447.70,,
3085,6259.34,,
3086,7064.42,,
3087,,6635.64,
3088,,7681.39,
3089,,6776.07,
3090,,6652.26,
3091,6763.12,,
3092,5999.49,,
3093,6968.25,,
3094,,6922.04,
3095,7825.32,,
3096,,7196.36,
3097,7164.92,,
3098,6388.72,,
3099,7458.67,,
3100,,7437.26,
3101,8046.24,,
3102,,6408.48,
3103,,7268.85,
3104,,6646.89,
3105,6185.55,,
3106,7436.95,,
3107,,6682.95,
3108,6824.16,,
3109,,7674.85,
3110,6953.20,,
3111,6787.27,,
3112,7613.13,,
3113,,6712.23,
3114,7980.88,,
3115,6675.41,,
3116,6323.91,,
3117,,7546.67,
3118,6323.87,,
3119,,6831.71,
3120,,8373.07,
3121,6927.91,,
3122,6411.21,,
3123,6588.49,,
3124,6395.95,,
3125,7026.39,,
3126,7207.74,,
3127,6421.00,,
3128,,7127.75,
3129,,9413.61,
3130,,6590.33,
3131,,6954.47,
3132,,6316.32,
3133,,6701.76,
3134,5534.83,,
3135,7186.56,,
3136,,7348.55,
3137,6978.24,,
3138,7062.71,,
3139,6590.15,,
3140,,8579.39,
3141,,7239.00,
3142,,7562.89,
3143,6549.34,,
3144,6641.29,,
3145,,7593.30,
3146,,7207.59,
3147,,9331.41,
3148,6652.72,,
3149,7274.43,,
3150,,6730.72,
3151,,7168.75,
3152,6009.84,,
3153,6354.71,,
3154,6660.92,,
3155,,8624.86,
3156,,6585.23,
3157,6383.73,,
3158,,7650.71,
3159,,9688.27,
3160,,6769.64,
3161,,6837.55,
3162,,7971.16,
3163,5796.16,,
3164,6688.53,,
3165,8229.55,,
3166,5469.00,,
3167,,7874.49,
3168,,7057.58,
3169,7944.25,,
3170,,7080.19,
3171,6561.68,,
3172,6507.62,,
3173,7063.31,,
3174,,8150.66,
3175,6421.65,,
3176,,6959.10,
3177,7523.52,,
3178,7614.39,,
3179,,7537.56,
3180,6168.42,,
3181,6722.01,,
3182,,6476.42,
3183,,6622.31,
3184,7781.80,,
3185,6432.54,,
3186,7657.96,,
3187,7750.03,,
3188,6543.49,,
3189,,7550.72,
3190,,6910.64,
3191,6505.17,,
3192,,7180.64,
3193,,6294.34,
3194,,6426.19,
3195,,6206.96,
3196,6883.23,,
3197,,6650.89,
3198,6816.24,,
3199,6296.52,,
3200,6572.20,,
3201,5809.67,,
3202,7018.87,,
3203,,7266.42,
3204,,8147.51,
3205,6483.57,,
3206,,7644.72,
3207,7117.36,,
3208,6677.89,,
3209,6274.38,,
3210,6722.55,,
3211,6340.86,,
3212,,6743.15,
3213,6997.90,,
3214,,8305.30,
3215,7172.05,,
3216,,7353.34,
3217,5373.29,,
3218,,6039.90,
3219,,7218.52,
3220,5763.74,,
3221,,6889.08,
3222,,7335.90,
3223,6392.20,,
3224,6396.55,,
3225,7262.40,,
3226,6288.97,,
3227,,6579.94,
3228,5935.21,,
3229,,7033.32,
3230,6206.29,,
3231,8300.88,,
3232,,6642.70,
3233,6197.79,,
3234,,6914.33,
3235,7167.96,,
3236,6927.72,,
3237,5634.62,,
3238,5610.45,,
3239,,5995.93,
3240,,7157.27,
3241,6904.72,,
3242,,8227.35,
3243,,6081.86,
3244,7400.16,,
3245,7704.33,,
3246,,6979.62,
3247,7418.12,,
3248,,6585.17,
3249,,8359.21,
3250,6302.24,,
3251,7269.35,,
3252,,7741.57,
3253,,6959.00,
3254,7932.54,,
3255,,6047.31,
3256,6042.06,,
3257,8501.12,,
3258,6163.95,,
3259,7062.04,,
3260,7338.44,,
3261,7248.77,,
3262,,7521.03,
3263,,7339.98,
3264,7728.39,,
3265,6603.61,,
3266,,7801.69,
3267,,7051.62,
3268,,6418.53,
3269,6484.20,,
3270,,7218.17,
3271,5922.01,,
3272,,7513.05,
3273,,6981.40,
3274,,8047.63,
3275,6695.87,,
3276,,6859.90,
3277,,7539.09,
3278,,7561.97,
3279,5614.32,,
3280,5840.88,,
3281,6668.80,,
3282,,6287.91,
3283,,7815.00,
3284,8247.40,,
3285,5555.96,,
3286,7172.01,,
3287,7167.67,,
3288,,7585.43,
3289,,6981.40,
3290,6340.19,,
3291,,7956.90,
3292,,8909.89,
3293,,7627.65,
3294,6741.39,,
3295,,7665.88,
3296,,6945.12,
3297,6713.35,,
3298,7315.04,,
3299,6498.74,,
3300,,7167.11,
3301,6065.11,,
3302,,7799.07,
3303,,8350.21,
3304,,7024.93,
3305,6242.49,,
3306,8215.33,,
3307,,7605.84,
3308,6506.04,,
3309,6749.77,,
3310,,6405.40,
3311,6827.63,,
3312,6103.22,,
3313,6986.25,,
3314,,8280.55,
3315,6284.22,,
3316,7236.57,,
3317,6398.29,,
3318,6561.61,,
3319,5945.70,,
3320,7164.66,,
3321,,6950.83,
3322,,8410.92,
3323,,7638.95,
3324,5734.36,,
3325,6420.44,,
3326,,6710.82,
3327,6058.06,,
3328,6557.82,,
3329,6999.57,,
3330,5756.22,,
3331,7217.19,,
3332,6911.43,,
3333,,8664.45,
3334,,7478.98,
3335,5935.21,,
3336,6175.01,,
3337,7218.08,,
3338,,6549.45,
3339,6427.54,,
3340,7167.71,,
3341,6558.28,,
3342,7008.55,,
3343,,6729.99,
3344,7187.80,,
3345,5858.10,,
3346,8248.75,,
3347,,6905.11,
3348,,6367.86,
3349,7359.82,,
3350,7203.35,,
3351,6384.02,,
3352,6287.22,,
3353,,6165.45,
3354,,7640.75,
3355,,7929.24,
3356,,6426.19,
3357,5999.78,,
3358,6827.63,,
3359,6604.08,,
3360,6416.90,,
3361,,7239.56,
3362,,7704.48,
3363,7053.76,,
3364,7086.14,,
3365,,8307.79,
3366,6703.12,,
3367,6449.95,,
3368,,8059.34,
3369,7749.51,,
3370,6535.58,,
3371,6716.79,,
3372,6772.80,,
3373,6870.74,,
3374,7316.17,,
3375,,8160.33,
3376,7376.58,,
3377,6231.84,,
3378,,6472.92,
3379,6365.54,,
3380,,8403.43,
3381,5715.23,,
3382,,8038.73,
3383,,6972.99,
3384,7614.45,,
3385,6150.00,,
3386,7149.85,,
3387,6475.87,,
3388,,8635.87,
3389,6975.15,,
3390,,8438.44,
3391,,6290.86,
3392,5821.52,,
3393,,6979.67,
3394,,6738.23,
3395,7462.34,,
3396,8221.68,,
3397,6790.50,,
3398,6103.97,,
3399,6229.46,,
3400,8525.44,,
3401,6124.25,,
3402,,6415.71,
3403,6268.87,,
3404,7159.88,,
3405,,7793.49,
3406,7332.47,,
3407,,7246.47,
3408,6074.59,,
3409,,7010.90,
3410,6428.12,,
3411,6184.53,,
3412,,8296.11,
3413,,7179.48,
3414,7174.63,,
3415,6981.38,,
3416,,8629.99,
3417,7388.88,,
3418,6836.61,,
3419,7198.56,,
3420,6696.69,,
3421,5880.60,,
3422,,6578.90,
3423,7028.13,,
3424,6482.51,,
3425,6635.82,,
3426,6249.17,,
3427,,7709.60,
3428,5592.21,,
3429,6000.99,,
3430,,6558.48,
3431,5922.01,,
3432,6544.74,,
3433,6882.80,,
3434,,8397.92,
3435,,7492.63,
3436,,6903.66,
3437,,6884.11,
3438,,7189.06,
3439,,6959.24,
3440,7207.27,,
3441,,8912.33,
3442,5951.68,,
3443,6891.32,,
3444,7428.53,,
3445,7305.53,,
3446,6069.82,,
3447,7070.71,,
3448,,7364.54,
3449,6038.82,,
3450,,7065.60,
3451,6023.48,,
3452,,7174.05,
3453,,8243.50,
3454,6074.44,,
3455,,6889.08,
3456,6388.21,,
3457,5703.29,,
3458,,6814.76,
3459,,7686.97,
3460,8994.96,,
3461,6751.02,,
3462,7132.87,,
3463,,6308.64,
3464,8427.43,,
3465,7037.07,,
3466,6693.96,,
3467,,7488.18,
3468,,6827.63,
3469,,7051.41,
3470,6459.26,,
3471,6544.62,,
3472,,7357.79,
3473,7443.56,,
3474,,6826.41,
3475,,6581.58,
3476,6287.80,,
3477,7739.72,,
3478,5774.13,,
3479,,6801.65,
3480,7948.28,,
3481,7719.56,,
3482,6204.61,,
3483,7606.40,,
3484,8292.69,,
3485,7795.29,,
3486,,7399.90,
3487,5996.61,,
3488,6606.54,,
3489,,8650.23,
3490,,8822.54,
3491,7557.55,,
3492,6150.41,,
3493,,7648.52,
3494,5430.15,,
3495,6873.00,,
3496,6042.44,,
3497,6067.01,,
3498,8106.57,,
3499,,8287.15,
3500,7348.95,,
3501,6398.87,,
3502,,6789.33,
3503,,7594.80,
3504,6550.07,,
3505,6826.05,,
3506,,7012.90,
3507,8760.37,,
3508,6184.69,,
3509,,6200.01,
3510,,8432.66,
3511,,7575.82,
3512,,8052.49,
3513,,7934.19,
3514,7574.70,,
3515,,6463.63,
3516,8123.71,,
3517,,8306.56,
3518,,6960.65,
3519,,6922.26,
3520,,6460.52,
3521,,6701.56,
3522,,8488.57,
3523,,6593.99,
3524,6505.02,,
3525,,8466.22,
3526,,7024.65,
3527,,7488.48,
3528,,7357.95,
3529,5459.53,,
3530,7015.13,,
3531,6311.60,,
3532,6859.02,,
3533,6703.12,,
3534,,7333.96,
3535,6552.73,,
3536,,7126.74,
3537,6185.20,,
3538,5851.58,,
3539,,7118.76,
3540,7639.14,,
3541,5743.90,,
3542,,7552.37,
3543,6601.48,,
3544,6316.04,,
3545,7902.38,,
3546,6509.61,,
3547,8011.80,,
3548,6394.50,,
3549,7046.30,,
3550,6705.43,,
3551,,7510.39,
3552,6515.48,,
3553,6062.33,,
3554,6870.02,,
3555,,6647.56,
3556,,7378.42,
3557,,7494.04,
3558,,6295.19,
3559,,7479.02,
3560,6701.51,,
3561,6570.65,,
3562,6306.24,,
3563,7628.17,,
3564,6969.60,,
3565,,7434.28,
3566,6547.64,,
3567,,8432.90,
3568,,7404.30,
3569,6174.30,,
3570,,6945.12,
3571,,7201.39,
3572,7265.28,,
3573,6822.53,,
3574,,7672.85,
3575,6075.94,,
3576,6500.08,,
3577,6319.66,,
3578,6921.18,,
3579,6903.11,,
3580,6854.96,,
3581,5974.98,,
3582,6438.04,,
3583,7351.16,,
3584,6696.23,,
3585,,6934.28,
3586,7546.35,,
3587,6546.79,,
3588,5937.69,,
3589,,7850.51,
3590,,7957.23,
3591,,8963.50,
3592,,6649.50,
3593,,7442.43,
3594,,6933.50,
3595,,6537.63,
3596,6617.34,,
3597,5965.57,,
3598,8224.95,,
3599,,6921.53,
3600,5611.93,,
3601,5756.63,,
3602,7179.54,,
3603,,8028.62,
3604,6143.74,,
3605,,7095.56,
3606,,8011.40,
3607,,7014.42,
3608,,6397.37,
3609,5921.13,,
3610,,7313.36,
3611,7030.95,,
3612,6578.27,,
3613,7088.35,,
3614,6512.51,,
3615,7023.89,,
3616,6185.81,,
3617,,7033.80,
3618,6660.92,,
3619,7669.16,,
3620,7390.84,,
3621,,7021.49,
3622,6146.62,,
3623,7174.39,,
3624,,8287.15,
3625,,7308.42,
3626,,7053.18,
3627,,6153.37,
3628,6831.41,,
3629,,6636.16,
3630,7550.41,,
3631,7065.42,,
3632,6337.11,,
3633,7123.82,,
3634,6087.97,,
3635,5785.74,,
3636,,7500.72,
3637,,9262.35,
3638,6294.30,,
3639,,6294.11,
3640,,8133.40,
3641,,6835.99,
3642,,6786.42,
3643,7218.48,,
3644,6160.41,,
3645,,7231.67,
3646,,6791.60,
3647,6698.37,,
3648,6300.34,,
3649,8286.52,,
3650,,7416.52,
3651,7525.03,,
3652,6476.15,,
3653,6791.35,,
3654,6728.48,,
3655,,7219.43,
3656,,6959.60,
3657,,6455.45,
3658,,8218.40,
3659,8296.08,,
3660,6614.38,,
3661,6347.53,,
3662,,6577.66,
3663,5826.26,,
3664,7080.90,,
3665,6758.90,,
3666,,8830.21,
3667,,7067.87,
3668,,7775.53,
3669,,7089.42,
3670,6138.49,,
3671,6509.79,,
3672,6771.36,,
3673,,7240.78,
3674,5781.46,,
3675,8053.86,,
3676,,7669.25,
3677,6531.45,,
3678,,7179.23,
3679,,7422.91,
3680,6130.88,,
3681,6192.65,,
3682,6198.93,,
3683,7464.12,,
3684,,7353.77,
3685,,7099.25,
3686,,7716.69,
3687,,6921.45,
3688,6250.84,,
3689,,6730.72,
3690,5796.44,,
3691,6433.74,,
3692,7166.04,,
3693,,6983.32,
3694,6454.71,,
3695,7361.86,,
3696,6925.24,,
3697,,7429.58,
3698,,6786.61,
3699,,9829.44,
3700,,8163.54,
3701,6733.59,,
3702,,6639.50,
3703,5774.96,,
3704,8149.54,,
3705,5935.21,,
3706,6512.51,,
3707,5704.04,,
3708,8459.34,,
3709,,8319.27,
3710,,8038.13,
3711,,6402.62,
3712,7359.89,,
3713,,9062.61,
3714,,7373.89,
3715,6630.57,,
3716,6500.08,,
3717,6363.14,,
3718,6876.97,,
3719,6255.10,,
3720,5912.53,,
3721,6758.44,,
3722,,8020.39,
3723,6054.40,,
3724,,7177.96,
3725,7290.21,,
3726,6498.82,,
3727,7644.44,,
3728,7777.89,,
3729,8337.07,,
3730,5646.23,,
3731,5379.92,,
3732,6010.20,,
3733,6491.77,,
3734,5969.22,,
3735,,8938.96,
3736,7376.95,,
3737,,7137.94,
3738,6317.80,,
3739,,8987.57,
3740,6410.39,,
3741,6212.62,,
3742,,7268.05,
3743,,6871.72,
3744,,7798.80,
3745,6760.99,,
3746,6460.37,,
3747,5595.13,,
3748,6468.68,,
3749,7373.84,,
3750,6188.50,,
3751,,6871.72,
3752,8446.84,,
3753,6743.66,,
3754,,8452.37,
3755,,8366.72,
3756,6020.69,,
3757,7129.16,,
3758,,8393.57,
3759,7902.73,,
3760,6514.16,,
3761,,8678.55,
3762,7357.68,,
3763,8085.65,,
3764,7568.38,,
3765,6317.64,,
3766,7284.70,,
3767,6436.20,,
3768,7490.36,,
3769,,7357.79,
3770,6932.79,,
3771,7843.98,,
3772,5534.83,,
3773,7166.16,,
3774,,7166.06,
3775,,7721.40,
3776,,7204.04,
3777,,6875.00,
3778,6613.92,,
3779,7924.06,,
3780,6238.19,,
3781,6521.97,,
3782,6777.35,,
3783,6017.11,,
3784,5743.07,,
3785,8131.05,,
3786,6295.94,,
3787,5691.77,,
3788,7860.62,,
3789,,6699.77,
3790,6715.06,,
3791,,7844.09,
3792,6410.49,,
3793,,6125.66,
3794,,6417.39,
3795,,7731.99,
3796,6853.68,,
3797,6707.77,,
3798,,6924.07,
3799,,7977.54,
3800,6548.28,,
3801,,7475.79,
3802,7294.11,,
3803,6489.06,,
3804,7397.66,,
3805,,7462.34,
3806,6599.77,,
3807,6391.33,,
3808,6978.24,,
3809,,7773.65,
3810,,6506.12,
3811,5437.97,,
3812,7167.71,,
3813,,7148.85,
3814,6204.61,,
3815,7588.29,,
3816,7439.36,,
3817,6358.36,,
3818,6196.10,,
3819,,6710.19,
3820,,6874.65,
3821,,6911.76,
3822,,8210.69,
3823,,8189.96,
3824,6834.49,,
3825,5813.34,,
3826,7164.76,,
3827,6196.81,,
3828,,6579.47,
3829,6734.60,,
3830,,7526.65,
3831,6669.64,,
3832,,7084.58,
3833,5983.68,,
3834,,6867.80,
3835,,6701.15,
3836,6642.68,,
3837,6751.64,,
3838,,7781.71,
3839,5747.12,,
3840,,7413.02,
3841,,6583.09,
3842,,6452.68,
3843,,7200.67,
3844,6357.76,,
3845,,9128.60,
3846,6795.64,,
3847,6825.80,,
3848,6469.73,,
3849,,7212.62,
3850,6604.55,,
3851,6331.06,,
3852,,7803.82,
3853,6202.94,,
3854,7599.65,,
3855,7660.54,,
3856,,7500.72,
3857,6317.21,,
3858,6860.44,,
3859,6177.96,,
3860,6350.43,,
3861,,7108.13,
3862,,8058.56,
3863,,7120.29,
3864,,6635.64,
3865,7335.75,,
3866,,7227.00,
3867,,8691.28,
3868,,8604.62,
3869,8089.11,,
3870,,6973.34,
3871,6081.63,,
3872,7299.40,,
3873,7063.75,,
3874,6911.52,,
3875,,8743.23,
3876,5889.99,,
3877,6777.16,,
3878,8561.99,,
3879,6701.89,,
3880,7118.60,,
3881,6015.55,,
3882,7130.01,,
3883,6529.21,,
3884,6893.07,,
3885,6209.22,,
3886,7442.70,,
3887,,8012.85,
3888,5912.53,,
3889,7089.08,,
3890,,6755.24,
3891,6857.54,,
3892,6193.12,,
3893,,7493.39,
3894,6312.91,,
3895,7511.91,,
3896,7920.09,,
3897,6316.19,,
3898,8179.74,,
3899,,8072.56,
3900,,6839.47,
3901,6456.93,,
3902,7057.55,,
3903,5668.34,,
3904,,8656.44,
3905,7488.98,,
3906,,7689.61,
3907,6353.51,,
3908,6587.49,,
3909,5957.72,,
3910,,8003.50,
3911,,6843.86,
3912,7082.39,,
3913,,8597.67,
3914,,6601.83,
3915,,7121.42,
3916,5606.19,,
3917,5797.92,,
3918,6748.69,,
3919,6729.28,,
3920,,7806.14,
3921,6442.54,,
3922,,6799.03,
3923,,7851.89,
3924,6549.78,,
3925,7488.98,,
3926,7769.93,,
3927,6276.53,,
3928,,6415.53,
3929,7624.83,,
3930,7474.67,,
3931,6217.02,,
3932,6276.00,,
3933,,8774.93,
3934,7894.42,,
3935,5886.23,,
3936,,7362.13,
3937,,7720.82,
3938,,7865.32,
3939,6165.27,,
3940,6051.68,,
3941,6224.93,,
3942,,7094.82,
3943,,6855.98,
3944,6977.95,,
3945,,6452.68,
3946,6798.25,,
3947,7466.74,,
3948,,7505.44,
3949,6068.52,,
3950,7974.98,,
3951,,8058.26,
3952,7329.06,,
3953,,6602.06,
3954,5560.22,,
3955,,6790.23,
3956,,6950.11,
3957,8110.68,,
3958,6992.68,,
3959,,7224.78,
3960,,7451.79,
3961,7990.31,,
3962,7425.98,,
3963,6702.38,,
3964,,7844.53,
3965,,8210.31,
3966,,7243.87,
3967,6846.32,,
3968,,7227.15,
3969,6824.40,,
3970,,7715.00,
3971,6860.80,,
3972,7726.16,,
3973,,7817.92,
3974,,6993.84,
3975,,9114.37,
3976,,7047.38,
3977,5327.79,,
3978,6842.73,,
3979,,7568.57,
3980,7050.86,,
3981,,6945.12,
3982,6734.75,,
3983,,6917.80,
3984,7523.75,,
3985,5721.21,,
3986,,8150.95,
3987,6515.48,,
3988,7404.30,,
3989,6758.08,,
3990,5633.79,,
3991,6758.29,,
3992,,6717.33,
3993,,6587.98,
3994,6352.98,,
3995,6962.19,,
3996,7492.81,,
3997,,7579.26,
3998,7098.32,,
3999,,8246.63,
4000,,7817.78,
4001,,7311.96,
4002,5998.84,,
4003,,7460.43,
4004,6733.65,,
4005,6784.14,,
4006,,7696.01,
4007,,7281.21,
4008,,7078.77,
4009,,9176.06,
4010,,7137.21,
4011,8454.58,,
4012,,8300.81,
4013,,7092.88,
4014,,6448.09,
4015,5379.92,,
4016,,7722.00,
4017,,6912.80,
4018,6467.34,,
4019,6407.49,,
4020,6795.29,,
4021,,7703.02,
4022,,7285.66,
4023,,6603.48,
4024,5699.36,,
4025,7307.17,,
4026,5401.72,,
4027,7062.41,,
4028,6829.09,,
4029,6829.26,,
4030,6313.93,,
4031,8342.87,,
4032,,7025.74,
4033,,6581.58,
4034,7164.68,,
4035,7011.91,,
4036,6455.80,,
4037,6878.25,,
4038,6711.18,,
4039,6950.16,,
4040,6596.12,,
4041,7574.70,,
4042,6538.09,,
4043,,7661.03,
4044,5872.19,,
4045,5768.48,,
4046,,7746.10,
4047,6183.19,,
4048,,7649.48,
4049,6516.16,,
4050,,6605.89,
4051,,7459.86,
4052,6087.86,,
4053,5813.50,,
4054,7805.77,,
4055,,6990.84,
4056,,8825.00,
4057,7113.67,,
4058,5933.70,,
4059,,7363.30,
4060,,6092.35,
4061,,8596.75,
4062,8620.91,,
4063,,7218.56,
4064,7246.59,,
4065,5927.05,,
4066,7990.48,,
4067,5699.77,,
4068,5742.00,,
4069,6243.53,,
4070,8009.07,,
4071,,8286.53,
4072,,7840.88,
4073,,7506.18,
4074,,6603.48,
4075,7010.94,,
4076,,6960.48,
4077,5273.78,,
4078,7453.89,,
4079,6451.24,,
4080,7868.81,,
4081,7110.26,,
4082,5777.09,,
4083,,8477.33,
4084,7406.20,,
4085,,8447.82,
4086,6515.48,,
4087,7220.97,,
4088,8098.83,,
4089,6467.34,,
4090,5732.17,,
4091,,7490.54,
4092,,8311.61,
4093,,8576.53,
4094,,8067.70,
4095,6821.86,,
4096,,7339.07,
4097,5859.46,,
4098,7650.82,,
4099,6867.85,,
4100,8334.10,,
4101,6418.83,,
4102,7048.73,,
4103,,6397.37,
4104,,6581.58,
4105,6631.56,,
4106,7108.69,,
4107,5747.12,,
4108,5998.23,,
4109,,8050.62,
4110,7644.48,,
4111,,8011.09,
4112,,7331.52,
4113,7008.63,,
4114,,7594.49,
4115,,7692.94,
4116,,7630.96,
4117,,8350.13,
4118,6629.53,,
4119,6494.51,,
4120,6340.33,,
4121,,8784.84,
4122,6272.36,,
4123,6322.73,,
4124,,7027.03,
4125,,8176.18,
4126,7469.48,,
4127,6787.35,,
4128,,8330.43,
4129,6285.26,,
4130,,6907.87,
4131,7087.63,,
4132,6712.36,,
4133,6010.86,,
4134,6423.87,,
4135,6669.18,,
4136,5459.53,,
4137,,7734.00,
4138,6734.74,,
4139,,8575.66,
4140,,6598.42,
4141,6093.55,,
4142,5840.88,,
4143,6462.26,,
4144,7843.09,,
4145,6505.17,,
4146,,8707.66,
4147,,7265.96,
4148,7175.16,,
4149,,7547.12,
4150,6442.30,,
4151,,8091.14,
4152,,7538.85,
4153,6608.46,,
4154,,6415.93,
4155,7470.52,,
4156,8168.35,,
4157,6478.76,,
4158,7440.72,,
4159,7413.37,,
4160,,7051.61,
4161,6322.06,,
4162,7304.18,,
4163,5765.64,,
4164,5796.44,,
4165,7003.74,,
4166,6648.60,,
4167,,6475.85,
4168,,8270.64,
4169,6943.64,,
4170,5663.46,,
4171,,6786.42,
4172,5726.84,,
4173,,7670.09,
4174,,6797.70,
4175,,6869.94,
4176,,8459.11,
4177,5690.26,,
4178,6200.60,,
4179,5922.19,,
4180,6986.84,,
4181,5889.99,,
4182,7262.67,,
4183,6441.63,,
4184,,8365.27,
4185,8238.92,,
4186,6222.03,,
4187,7132.05,,
4188,,6949.14,
4189,,7721.40,
4190,,7282.82,
4191,,7011.22,
4192,,6294.34,
4193,7147.95,,
4194,,6355.50,
4195,,6328.89,
4196,7512.53,,
4197,5879.56,,
4198,,7717.58,
4199,,6569.27,
4200,7230.05,,
4201,,6408.48,
4202,6806.91,,
4203,6319.11,,
4204,6690.20,,
4205,7152.20,,
4206,,6759.05,
4207,8100.71,,
4208,,6484.28,
4209,6414.11,,
4210,,7090.61,
4211,,7048.65,
4212,,6848.15,
4213,7430.00,,
4214,6852.96,,
4215,6466.16,,
4216,5264.77,,
4217,,7290.65,
4218,7951.95,,
4219,5524.92,,
4220,8900.68,,
4221,6963.20,,
4222,,7710.87,
4223,,8102.18,
4224,,7392.90,
4225,6501.92,,
4226,6774.95,,
4227,,6886.80,
4228,,7798.80,
4229,6086.30,,
4230,,7341.55,
4231,6609.15,,
4232,,7647.89,
4233,,7476.80,
4234,,7656.52,
4235,,6908.25,
4236,6300.81,,
4237,,6336.59,
4238,5840.88,,
4239,6752.21,,
4240,,7719.64,
4241,,6488.09,
4242,6501.61,,
4243,,7208.06,
4244,7535.20,,
4245,5912.53,,
4246,6368.82,,
4247,6714.21,,
4248,,7000.02,
4249,7928.55,,
4250,7682.11,,
4251,,6415.18,
4252,6322.73,,
4253,6575.89,,
4254,6926.31,,
4255,7599.35,,
4256,6615.74,,
4257,,7446.32,
4258,6593.75,,
4259,,7870.99,
4260,7055.42,,
4261,,8148.70,
4262,6928.86,,
4263,6778.70,,
4264,,7025.93,
4265,7062.70,,
4266,6283.16,,
4267,6485.17,,
4268,6522.35,,
4269,5666.13,,
4270,,6156.06,
4271,6467.14,,
4272,,7655.78,
4273,6580.75,,
4274,8927.13,,
4275,7107.68,,
4276,7851.84,,
4277,6672.08,,
4278,5968.21,,
4279,,8526.82,
4280,,6769.49,
4281,6552.12,,
4282,7181.33,,
4283,6693.58,,
4284,,7693.80,
4285,,6686.54,
4286,6589.11,,
4287,6618.76,,
4288,,6297.30,
4289,6136.27,,
4290,5908.36,,
4291,6585.99,,
4292,,7197.24,
4293,9766.86,,
4294,7063.75,,
4295,,6413.48,
4296,6955.56,,
4297,,7681.89,
4298,,7601.34,
4299,,6633.70,
4300,,7240.87,
4301,6473.12,,
4302,6984.61,,
4303,,9663.73,
4304,6708.15,,
4305,6936.73,,
4306,5796.16,,
4307,6913.03,,
4308,6499.07,,
4309,,7403.35,
4310,,7207.88,
4311,6295.73,,
4312,6727.46,,
4313,7580.79,,
4314,7221.48,,
4315,7550.92,,
4316,6423.04,,
4317,6764.53,,
4318,6129.56,,
4319,,6469.16,
4320,,7350.99,
4321,,8064.28,
4322,,7065.57,
4323,7587.84,,
4324,7013.97,,
4325,,8278.65,
4326,,6715.96,
4327,7184.19,,
4328,6391.33,,
4329,7246.69,,
4330,,7619.98,
4331,6202.97,,
4332,6093.51,,
4333,,7689.37,
4334,6317.64,,
4335,,8214.20,
4336,6394.86,,
4337,6060.05,,
4338,6284.98,,
4339,,7547.02,
4340,,7138.33,
4341,,6299.73,
4342,,6148.65,
4343,,7009.05,
4344,6397.84,,
4345,6806.91,,
4346,6073.24,,
4347,6332.13,,
4348,6157.57,,
4349,6674.54,,
4350,,6735.33,
4351,,6582.27,
4352,,6454.83,
4353,6228.79,,
4354,7427.58,,
4355,6971.80,,
4356,,8430.38,
4357,6145.99,,
4358,6570.65,,
4359,,8028.44,
4360,,8098.51,
4361,,6462.17,
4362,,7284.63,
4363,,6904.95,
4364,,6950.93,
4365,7654.71,,
4366,6802.40,,
4367,,6587.28,
4368,6230.25,,
4369,,8964.76,
4370,,8112.69,
4371,5633.79,,
4372,,7294.05,
4373,7553.95,,
4374,6782.70,,
4375,,8144.12,
4376,6494.61,,
4377,7181.33,,
4378,,7043.43,
4379,6122.10,,
4380,6749.86,,
4381,5668.34,,
4382,,7251.13,
4383,5859.46,,
4384,,6024.36,
4385,7146.41,,
4386,,8078.41,
4387,,7609.67,
4388,7035.72,,
4389,,7710.87,
4390,,7012.90,
4391,,8305.25,
4392,6105.48,,
4393,,8680.30,
4394,6104.92,,
4395,,8961.25,
4396,7031.67,,
4397,6238.43,,
4398,6172.84,,
4399,,7628.75,
4400,,6295.35,
4401,6419.16,,
4402,,7044.42,
4403,6152.27,,
4404,7216.31,,
4405,,8224.21,
4406,,6965.73,
4407,,8162.53,
4408,,7064.30,
4409,,8327.42,
4410,6287.91,,
4411,,6059.74,
4412,,7159.12,
4413,7096.41,,
4414,,6807.66,
4415,,7399.90,
4416,,7744.76,
4417,,7526.93,
4418,,7418.71,
4419,7492.32,,
4420,8263.17,,
4421,7755.35,,
4422,6822.54,,
4423,5933.70,,
4424,,6492.94,
4425,7162.87,,
4426,,8775.25,
4427,8193.26,,
4428,,7538.86,
4429,,9585.07,
4430,,6982.69,
4431,7683.82,,
4432,6641.14,,
4433,6184.58,,
4434,6965.60,,
4435,,8254.90,
4436,6687.25,,
4437,,6151.64,
4438,,7199.64,
4439,,7071.38,
4440,6135.05,,
4441,6435.43,,
4442,6458.59,,
4443,,7746.12,
4444,,6877.28,
4445,,6043.32,
4446,6577.88,,
4447,,6760.29,
4448,,6844.08,
4449,6706.49,,
4450,6228.32,,
4451,,6059.74,
4452,7564.08,,
4453,7639.98,,
4454,7238.19,,
4455,8829.58,,
4456,,7412.92,
4457,,7332.19,
4458,6273.54,,
4459,,6945.27,
4460,,7662.41,
4461,8101.58,,
4462,5766.59,,
4463,,7490.70,
4464,6380.29,,
4465,6960.58,,
4466,6733.90,,
4467,,6423.91,
4468,7732.14,,
4469,,7487.12,
4470,7074.32,,
4471,,7775.59,
4472,,7544.66,
4473,,7124.24,
4474,6755.96,,
4475,,8037.13,
4476,,6210.72,
4477,,8088.25,
4478,6941.34,,
4479,6443.31,,
4480,7491.40,,
4481,,6954.15,
4482,,7677.33,
4483,,7074.75,
4484,6493.11,,
4485,,7832.65,
4486,6616.36,,
4487,6416.68,,
4488,6206.29,,
4489,6295.17,,
4490,5820.61,,
4491,,7074.75,
4492,,7387.61,
4493,,6005.35,
4494,,9342.24,
4495,,7068.20,
4496,5898.71,,
4497,5691.72,,
4498,,5995.93,
4499,,6177.89,
4500,6612.73,,
4501,,7237.35,
4502,,7377.25,
4503,6281.85,,
4504,7055.64,,
4505,,6183.49,
4506,6041.62,,
4507,6489.06,,
4508,,7025.11,
4509,,7044.42,
4510,,6889.08,
4511,,7084.58,
4512,7162.22,,
4513,8006.17,,
4514,6457.25,,
4515,7298.47,,
4516,6405.99,,
4517,,7253.62,
4518,6089.94,,
4519,6854.05,,
4520,6979.66,,
4521,6927.81,,
4522,6822.53,,
4523,,7548.58,
4524,,7022.48,
4525,,7092.40,
4526,,7219.86,
4527,6768.48,,
4528,,7048.65,
4529,,7545.27,
4530,6902.60,,
4531,6236.71,,
4532,6399.38,,
4533,6979.62,,
4534,,8887.96,
4535,,6804.84,
4536,,6479.36,
4537,,6938.50,
4538,,6949.00,
4539,,7508.66,
4540,7692.50,,
4541,7305.27,,
4542,7175.92,,
4543,,8346.37,
4544,,7370.44,
4545,,7420.58,
4546,8726.89,,
4547,6381.94,,
4548,6776.30,,
4549,6196.81,,
4550,6206.45,,
4551,6198.35,,
4552,,6735.11,
4553,6860.88,,
4554,6593.84,,
4555,6277.01,,
4556,6610.74,,
4557,5903.17,,
4558,6619.07,,
4559,,7930.95,
4560,,6587.15,
4561,,7380.90,
4562,,6750.92,
4563,5960.55,,
4564,6228.34,,
4565,,6908.87,
4566,6619.06,,
4567,,7961.59,
4568,,6914.10,
4569,6396.79,,
4570,6272.98,,
4571,6593.90,,
4572,,6286.64,
4573,,6039.90,
4574,,7150.64,
4575,7984.42,,
4576,6794.14,,
4577,6745.28,,
4578,6766.07,,
4579,6056.59,,
4580,,6880.99,
4581,6744.15,,
4582,,8035.30,
4583,8356.34,,
4584,6368.07,,
4585,6494.01,,
4586,6047.78,,
4587,,6925.09,
4588,,7564.03,
4589,,7709.00,
4590,7115.84,,
4591,,8410.24,
4592,,7620.03,
4593,,8037.14,
4594,5769.49,,
4595,6260.99,,
4596,,6900.53,
4597,,7168.75,
4598,,8127.78,
4599,6470.00,,
4600,6948.46,,
4601,,6415.05,
4602,,6899.06,
4603,6782.38,,
4604,,6334.12,
4605,7494.18,,
4606,7152.80,,
4607,6783.77,,
4608,,6900.53,
4609,,8113.02,
4610,8214.44,,
4611,,7407.64,
4612,,7051.31,
4613,6906.58,,
4614,6072.17,,
4615,5501.23,,
4616,6242.45,,
4617,,7831.96,
4618,6055.89,,
4619,6015.80,,
4620,7738.28,,
4621,,6871.99,
4622,,7890.37,
4623,,6581.58,
4624,5923.96,,
4625,6062.68,,
4626,7467.52,,
4627,,7441.08,
4628,5522.79,,
4629,6213.96,,
4630,,6590.80,
4631,6631.21,,
4632,5264.77,,
4633,6470.19,,
4634,8259.58,,
4635,6966.94,,
4636,5600.74,,
4637,,7042.13,
4638,6983.82,,
4639,6783.65,,
4640,6427.86,,
4641,,7573.74,
4642,,7255.49,
4643,,6465.59,
4644,,7600.36,
4645,,6960.65,
4646,,7182.77,
4647,5777.30,,
4648,7057.80,,
4649,6118.61,,
4650,,6632.69,
4651,6300.34,,
4652,6049.22,,
4653,,7444.58,
4654,7923.02,,
4655,6231.46,,
4656,,6880.84,
4657,,8286.93,
4658,,6957.62,
4659,,7439.40,
4660,7407.26,,
4661,6696.32,,
4662,7224.57,,
4663,6639.97,,
4664,,6497.43,
4665,,7476.06,
4666,,8020.03,
4667,,7664.29,
4668,7387.09,,
4669,7039.77,,
4670,6415.97,,
4671,,6926.43,
4672,,7438.84,
4673,,7116.69,
4674,6182.82,,
4675,,9188.56,
4676,,9167.27,
4677,,7161.63,
4678,,9738.28,
4679,5867.70,,
4680,6588.31,,
4681,6401.32,,
4682,,6683.65,
4683,,8361.61,
4684,6512.51,,
4685,,5915.75,
4686,6298.86,,
4687,,6828.97,
4688,6396.89,,
4689,,8191.39,
4690,,6599.33,
4691,,9182.02,
4692,,7493.54,
4693,7863.11,,
4694,5818.95,,
4695,,7240.87,
4696,6375.56,,
4697,6080.72,,
4698,6498.85,,
4699,,7643.21,
4700,7089.61,,
4701,,7051.62,
4702,6899.86,,
4703,,7667.30,
4704,,6477.89,
4705,5978.87,,
4706,,7857.61,
4707,6744.31,,
4708,6104.92,,
4709,6702.38,,
4710,,7759.47,
4711,6323.92,,
4712,7040.75,,
4713,6876.01,,
4714,,7669.40,
4715,,8176.12,
4716,,7019.34,
4717,,6488.47,
4718,,7566.33,
4719,,8797.81,
4720,5565.96,,
4721,6344.28,,
4722,7334.17,,
4723,,8353.34,
4724,8236.09,,
4725,7199.83,,
4726,,6748.31,
4727,6603.42,,
4728,7261.97,,
4729,,7187.21,
4730,6908.65,,
4731,,7885.98,
4732,,7636.43,
4733,7141.94,,
4734,,7643.12,
4735,6392.67,,
4736,,6788.07,
4737,,6847.98,
4738,,6971.68,
4739,,6459.15,
4740,,7856.64,
4741,,7669.83,
4742,6226.19,,
4743,7369.23,,
4744,6055.64,,
4745,,7366.91,
4746,6825.72,,
4747,6537.33,,
4748,6796.10,,
4749,5406.77,,
4750,5459.53,,
4751,,7002.58,
4752,6433.49,,
4753,6756.01,,
4754,7089.08,,
4755,6933.04,,
4756,,7862.27,
4757,,7613.65,
4758,6603.61,,
4759,6592.24,,
4760,6117.80,,
4761,7487.40,,
4762,7529.08,,
4763,,6536.76,
4764,6344.77,,
4765,,7677.33,
4766,7077.53,,
4767,,7680.05,
4768,6701.33,,
4769,,8765.34,
4770,6101.25,,
4771,,6928.09,
4772,,7569.20,
4773,5688.58,,
4774,6608.23,,
4775,,6908.25,
4776,,7266.96,
4777,6143.22,,
4778,6303.75,,
4779,6575.76,,
4780,,7219.71,
4781,6821.07,,
4782,,6714.85,
4783,,6585.17,
4784,,6881.15,
4785,7274.47,,
4786,,6690.33,
4787,6895.35,,
4788,,6701.56,
4789,7749.41,,
4790,7730.77,,
4791,,8264.46,
4792,6917.64,,
4793,7033.81,,
4794,7187.45,,
4795,7067.22,,
4796,,7509.21,
4797,7231.08,,
4798,7137.03,,
4799,,7001.56,
4800,6630.51,,
4801,6533.57,,
4802,6317.40,,
4803,6142.88,,
4804,,6733.05,
4805,6523.29,,
4806,,6893.83,
4807,6791.61,,
4808,,6706.77,
4809,5392.24,,
4810,6857.73,,
4811,,6005.35,
4812,7827.83,,
4813,5732.52,,
4814,,7603.89,
4815,,7114.45,
4816,5936.03,,
4817,5935.21,,
4818,,7162.16,
4819,5735.94,,
4820,5515.68,,
4821,,6702.87,
4822,7350.97,,
4823,,8151.55,
4824,,6974.21,
4825,,7204.76,
4826,,6535.57,
4827,,6470.70,
4828,,7394.24,
4829,6663.05,,
4830,,7721.05,
4831,,7990.20,
4832,6476.55,,
4833,,6733.05,
4834,5930.48,,
4835,7896.02,,
4836,6725.60,,
4837,6930.28,,
4838,,6622.14,
4839,6521.82,,
4840,6428.15,,
4841,6121.10,,
4842,7279.91,,
4843,6851.86,,
4844,,8261.40,
4845,7898.12,,
4846,6368.82,,
4847,5525.87,,
4848,,7415.29,
4849,6825.68,,
4850,,7550.73,
4851,,7765.67,
4852,6844.16,,
4853,,7345.69,
4854,6263.82,,
4855,6416.90,,
4856,7611.85,,
4857,7913.36,,
4858,5984.76,,
4859,,7225.13,
4860,6649.85,,
4861,6860.90,,
4862,,7525.43,
4863,,6583.09,
4864,6758.44,,
4865,6445.05,,
4866,,7684.03,
4867,6700.08,,
4868,6822.53,,
4869,5914.03,,
4870,5688.58,,
4871,,7112.40,
4872,,7802.93,
4873,,7398.85,
4874,,7935.45,
4875,7440.19,,
4876,5720.68,,
4877,,7461.48,
4878,5872.20,,
4879,,6735.33,
4880,6992.29,,
4881,6619.81,,
4882,7234.40,,
4883,,6747.91,
4884,6454.65,,
4885,,6992.31,
4886,6556.19,,
4887,5620.64,,
4888,,6908.95,
4889,6319.66,,
4890,7067.75,,
4891,7627.25,,
4892,6194.92,,
4893,,7308.26,
4894,,8048.51,
4895,7628.43,,
4896,5978.87,,
4897,6603.61,,
4898,6689.79,,
4899,,6010.44,
4900,6143.36,,
4901,,7382.94,
4902,,6455.45,
4903,,9109.63,
4904,6139.55,,
4905,,6829.59,
4906,6841.23,,
4907,,7494.71,
4908,,7123.41,
4909,5996.64,,
4910,6196.81,,
4911,,7390.21,
4912,,7053.18,
4913,7079.17,,
4914,7363.72,,
4915,,7777.49,
4916,,7264.76,
4917,8182.50,,
4918,7304.47,,
4919,5727.44,,
4920,,8005.64,
4921,7171.70,,
4922,,7279.02,
4923,6625.96,,
4924,7013.60,,
4925,,7278.74,
4926,,6762.48,
4927,6324.99,,
4928,,7533.77,
4929,,6830.72,
4930,,6495.71,
4931,5957.72,,
4932,6748.69,,
4933,,8042.20,
4934,,6764.12,
4935,6980.85,,
4936,7084.03,,
4937,6159.61,,
4938,7984.96,,
4939,,8240.55,
4940,7250.04,,
4941,5975.27,,
4942,6507.02,,
4943,6829.26,,
4944,6561.01,,
4945,5941.91,,
4946,6151.67,,
4947,6159.61,,
4948,,8452.37,
4949,,7193.33,
4950,,7841.97,
4951,7853.72,,
4952,6709.64,,
4953,,7885.73,
4954,,6872.31,
4955,,8127.91,
4956,7681.04,,
4957,6543.64,,
4958,8086.99,,
4959,,6584.11,
4960,,9293.37,
4961,,8207.91,
4962,,6447.74,
4963,7681.04,,
4964,7167.69,,
4965,,8405.92,
4966,,7517.99,
4967,6422.69,,
4968,,6739.11,
4969,,7232.30,
4970,5982.78,,
4971,6714.14,,
4972,7507.14,,
4973,6372.55,,
4974,6196.10,,
4975,7189.03,,
4976,7664.56,,
4977,6891.17,,
4978,,7333.61,
4979,6674.02,,
4980,,7193.75,
4981,6005.29,,
4982,6185.48,,
4983,6278.35,,
4984,6471.56,,
4985,6487.64,,
4986,,7410.31,
4987,,7411.37,
4988,5781.46,,
4989,,7433.27,
4990,,6849.31,
4991,5525.87,,
4992,,9129.46,
4993,5889.99,,
4994,7920.55,,
4995,,6356.12,
4996,,7603.13,
4997,6875.49,,
4998,6528.07,,
4999,,7268.05,
5000,,7658.87,
