phase,run_id,algorithm,trial,H,qa,phi,fc,fy,max_iter,total_cost,iter_to_best,is_valid,fs_ot,fs_sl,fs_bc,tt,tb,tbase,base_w,ltoe,lheel,stem_db_mm,stem_sp_m,toe_db_mm,toe_sp_m,heel_db_mm,heel_sp_m,runtime_sec,timestamp
A3,A3_BA_H3_fc240_t01,BA,1,3.0,30.0,30.0,240,4000,5000,2849.23,27,1,5.300,3.012,5.228,0.200,0.200,0.300,1.500,0.500,0.800,12,0.25,12,0.25,12,0.25,0.35,2569-04-26 16:51:58
A3,A3_BA_H3_fc240_t02,BA,2,3.0,30.0,30.0,240,4000,5000,2849.23,26,1,5.399,3.084,4.762,0.200,0.200,0.300,1.500,0.400,0.900,12,0.25,12,0.25,12,0.25,0.32,2569-04-26 16:51:59
A3,A3_BA_H3_fc240_t03,BA,3,3.0,30.0,30.0,240,4000,5000,2849.23,90,1,5.300,3.012,5.228,0.200,0.200,0.300,1.500,0.500,0.800,12,0.25,12,0.25,12,0.25,0.31,2569-04-26 16:51:59
A3,A3_BA_H3_fc240_t04,BA,4,3.0,30.0,30.0,240,4000,5000,2849.23,27,1,5.399,3.084,4.762,0.200,0.200,0.300,1.500,0.400,0.900,12,0.25,12,0.25,12,0.25,0.33,2569-04-26 16:51:59
A3,A3_BA_H3_fc240_t05,BA,5,3.0,30.0,30.0,240,4000,5000,2849.23,74,1,5.172,2.940,5.700,0.200,0.200,0.300,1.500,0.600,0.700,12,0.25,12,0.25,12,0.25,0.33,2569-04-26 16:52:00
A3,A3_BA_H3_fc240_t06,BA,6,3.0,30.0,30.0,240,4000,5000,2849.23,67,1,5.399,3.084,4.762,0.200,0.200,0.300,1.500,0.400,0.900,12,0.25,12,0.25,12,0.25,0.33,2569-04-26 16:52:00
A3,A3_BA_H3_fc240_t07,BA,7,3.0,30.0,30.0,240,4000,5000,2849.23,124,1,5.399,3.084,4.762,0.200,0.200,0.300,1.500,0.400,0.900,12,0.25,12,0.25,12,0.25,0.33,2569-04-26 16:52:00
A3,A3_BA_H3_fc240_t08,BA,8,3.0,30.0,30.0,240,4000,5000,2849.23,86,1,5.172,2.940,5.700,0.200,0.200,0.300,1.500,0.600,0.700,12,0.25,12,0.25,12,0.25,0.32,2569-04-26 16:52:01
A3,A3_BA_H3_fc240_t09,BA,9,3.0,30.0,30.0,240,4000,5000,2849.23,155,1,5.300,3.012,5.228,0.200,0.200,0.300,1.500,0.500,0.800,12,0.25,12,0.25,12,0.25,0.33,2569-04-26 16:52:01
A3,A3_BA_H3_fc240_t10,BA,10,3.0,30.0,30.0,240,4000,5000,2849.23,164,1,5.399,3.084,4.762,0.200,0.200,0.300,1.500,0.400,0.900,12,0.25,12,0.25,12,0.25,0.33,2569-04-26 16:52:01
A3,A3_BA_H3_fc240_t11,BA,11,3.0,30.0,30.0,240,4000,5000,2849.23,38,1,5.172,2.940,5.700,0.200,0.200,0.300,1.500,0.600,0.700,12,0.25,12,0.25,12,0.25,0.32,2569-04-26 16:52:02
A3,A3_BA_H3_fc240_t12,BA,12,3.0,30.0,30.0,240,4000,5000,2849.23,164,1,5.399,3.084,4.762,0.200,0.200,0.300,1.500,0.400,0.900,12,0.25,12,0.25,12,0.25,0.34,2569-04-26 16:52:02
A3,A3_BA_H3_fc240_t13,BA,13,3.0,30.0,30.0,240,4000,5000,2849.23,69,1,5.172,2.940,5.700,0.200,0.200,0.300,1.500,0.600,0.700,12,0.25,12,0.25,12,0.25,0.33,2569-04-26 16:52:02
A3,A3_BA_H3_fc240_t14,BA,14,3.0,30.0,30.0,240,4000,5000,2849.23,76,1,5.399,3.084,4.762,0.200,0.200,0.300,1.500,0.400,0.900,12,0.25,12,0.25,12,0.25,0.33,2569-04-26 16:52:03
A3,A3_BA_H3_fc240_t15,BA,15,3.0,30.0,30.0,240,4000,5000,2849.23,63,1,5.399,3.084,4.762,0.200,0.200,0.300,1.500,0.400,0.900,12,0.25,12,0.25,12,0.25,0.33,2569-04-26 16:52:03
A3,A3_BA_H3_fc240_t16,BA,16,3.0,30.0,30.0,240,4000,5000,2849.23,164,1,5.399,3.084,4.762,0.200,0.200,0.300,1.500,0.400,0.900,12,0.25,12,0.25,12,0.25,0.32,2569-04-26 16:52:03
A3,A3_BA_H3_fc240_t17,BA,17,3.0,30.0,30.0,240,4000,5000,2849.23,48,1,5.172,2.940,5.700,0.200,0.200,0.300,1.500,0.600,0.700,12,0.25,12,0.25,12,0.25,0.32,2569-04-26 16:52:04
A3,A3_BA_H3_fc240_t18,BA,18,3.0,30.0,30.0,240,4000,5000,2849.23,112,1,5.300,3.012,5.228,0.200,0.200,0.300,1.500,0.500,0.800,12,0.25,12,0.25,12,0.25,0.33,2569-04-26 16:52:04
A3,A3_BA_H3_fc240_t19,BA,19,3.0,30.0,30.0,240,4000,5000,2849.23,87,1,5.172,2.940,5.700,0.200,0.200,0.300,1.500,0.600,0.700,12,0.25,12,0.25,12,0.25,0.32,2569-04-26 16:52:04
A3,A3_BA_H3_fc240_t20,BA,20,3.0,30.0,30.0,240,4000,5000,2849.23,78,1,5.399,3.084,4.762,0.200,0.200,0.300,1.500,0.400,0.900,12,0.25,12,0.25,12,0.25,0.32,2569-04-26 16:52:05
A3,A3_BA_H3_fc240_t21,BA,21,3.0,30.0,30.0,240,4000,5000,2849.23,43,1,5.172,2.940,5.700,0.200,0.200,0.300,1.500,0.600,0.700,12,0.25,12,0.25,12,0.25,0.30,2569-04-26 16:52:05
A3,A3_BA_H3_fc240_t22,BA,22,3.0,30.0,30.0,240,4000,5000,2849.23,82,1,5.399,3.084,4.762,0.200,0.200,0.300,1.500,0.400,0.900,12,0.25,12,0.25,12,0.25,0.30,2569-04-26 16:52:05
A3,A3_BA_H3_fc240_t23,BA,23,3.0,30.0,30.0,240,4000,5000,2849.23,84,1,5.399,3.084,4.762,0.200,0.200,0.300,1.500,0.400,0.900,12,0.25,12,0.25,12,0.25,0.31,2569-04-26 16:52:06
A3,A3_BA_H3_fc240_t24,BA,24,3.0,30.0,30.0,240,4000,5000,3008.99,18,1,5.386,3.069,4.872,0.200,0.250,0.300,1.500,0.400,0.850,12,0.25,12,0.25,12,0.25,0.30,2569-04-26 16:52:06
A3,A3_BA_H3_fc240_t25,BA,25,3.0,30.0,30.0,240,4000,5000,2849.23,45,1,5.399,3.084,4.762,0.200,0.200,0.300,1.500,0.400,0.900,12,0.25,12,0.25,12,0.25,0.43,2569-04-26 16:52:06
A3,A3_BA_H3_fc240_t26,BA,26,3.0,30.0,30.0,240,4000,5000,2849.23,144,1,5.399,3.084,4.762,0.200,0.200,0.300,1.500,0.400,0.900,12,0.25,12,0.25,12,0.25,0.30,2569-04-26 16:52:07
A3,A3_BA_H3_fc240_t27,BA,27,3.0,30.0,30.0,240,4000,5000,2849.23,132,1,5.399,3.084,4.762,0.200,0.200,0.300,1.500,0.400,0.900,12,0.25,12,0.25,12,0.25,0.30,2569-04-26 16:52:07
A3,A3_BA_H3_fc240_t28,BA,28,3.0,30.0,30.0,240,4000,5000,2849.23,105,1,5.172,2.940,5.700,0.200,0.200,0.300,1.500,0.600,0.700,12,0.25,12,0.25,12,0.25,0.30,2569-04-26 16:52:07
A3,A3_BA_H3_fc240_t29,BA,29,3.0,30.0,30.0,240,4000,5000,2849.23,113,1,5.172,2.940,5.700,0.200,0.200,0.300,1.500,0.600,0.700,12,0.25,12,0.25,12,0.25,0.30,2569-04-26 16:52:07
A3,A3_BA_H3_fc240_t30,BA,30,3.0,30.0,30.0,240,4000,5000,2849.23,73,1,5.300,3.012,5.228,0.200,0.200,0.300,1.500,0.500,0.800,12,0.25,12,0.25,12,0.25,0.30,2569-04-26 16:52:08
A3,A3_HCA_H3_fc240_t01,HCA,1,3.0,30.0,30.0,240,4000,5000,2849.23,303,1,5.300,3.012,5.228,0.200,0.200,0.300,1.500,0.500,0.800,12,0.25,12,0.25,12,0.25,0.17,2569-04-26 16:52:08
A3,A3_HCA_H3_fc240_t02,HCA,2,3.0,30.0,30.0,240,4000,5000,2849.23,147,1,5.399,3.084,4.762,0.200,0.200,0.300,1.500,0.400,0.900,12,0.25,12,0.25,12,0.25,0.17,2569-04-26 16:52:08
A3,A3_HCA_H3_fc240_t03,HCA,3,3.0,30.0,30.0,240,4000,5000,2849.23,581,1,5.399,3.084,4.762,0.200,0.200,0.300,1.500,0.400,0.900,12,0.25,12,0.25,12,0.25,0.18,2569-04-26 16:52:08
A3,A3_HCA_H3_fc240_t04,HCA,4,3.0,30.0,30.0,240,4000,5000,2849.23,499,1,5.399,3.084,4.762,0.200,0.200,0.300,1.500,0.400,0.900,12,0.25,12,0.25,12,0.25,0.17,2569-04-26 16:52:08
A3,A3_HCA_H3_fc240_t05,HCA,5,3.0,30.0,30.0,240,4000,5000,2849.23,251,1,5.172,2.940,5.700,0.200,0.200,0.300,1.500,0.600,0.700,12,0.25,12,0.25,12,0.25,0.17,2569-04-26 16:52:09
A3,A3_HCA_H3_fc240_t06,HCA,6,3.0,30.0,30.0,240,4000,5000,2849.23,418,1,5.300,3.012,5.228,0.200,0.200,0.300,1.500,0.500,0.800,12,0.25,12,0.25,12,0.25,0.18,2569-04-26 16:52:09
A3,A3_HCA_H3_fc240_t07,HCA,7,3.0,30.0,30.0,240,4000,5000,2849.23,296,1,5.172,2.940,5.700,0.200,0.200,0.300,1.500,0.600,0.700,12,0.25,12,0.25,12,0.25,0.17,2569-04-26 16:52:09
A3,A3_HCA_H3_fc240_t08,HCA,8,3.0,30.0,30.0,240,4000,5000,2849.23,645,1,5.172,2.940,5.700,0.200,0.200,0.300,1.500,0.600,0.700,12,0.25,12,0.25,12,0.25,0.18,2569-04-26 16:52:09
A3,A3_HCA_H3_fc240_t09,HCA,9,3.0,30.0,30.0,240,4000,5000,2849.23,284,1,5.300,3.012,5.228,0.200,0.200,0.300,1.500,0.500,0.800,12,0.25,12,0.25,12,0.25,0.17,2569-04-26 16:52:09
A3,A3_HCA_H3_fc240_t10,HCA,10,3.0,30.0,30.0,240,4000,5000,2849.23,853,1,5.172,2.940,5.700,0.200,0.200,0.300,1.500,0.600,0.700,12,0.25,12,0.25,12,0.25,0.18,2569-04-26 16:52:10
A3,A3_HCA_H3_fc240_t11,HCA,11,3.0,30.0,30.0,240,4000,5000,2849.23,426,1,5.300,3.012,5.228,0.200,0.200,0.300,1.500,0.500,0.800,12,0.25,12,0.25,12,0.25,0.17,2569-04-26 16:52:10
A3,A3_HCA_H3_fc240_t12,HCA,12,3.0,30.0,30.0,240,4000,5000,2849.23,619,1,5.172,2.940,5.700,0.200,0.200,0.300,1.500,0.600,0.700,12,0.25,12,0.25,12,0.25,0.18,2569-04-26 16:52:10
A3,A3_HCA_H3_fc240_t13,HCA,13,3.0,30.0,30.0,240,4000,5000,2849.23,421,1,5.172,2.940,5.700,0.200,0.200,0.300,1.500,0.600,0.700,12,0.25,12,0.25,12,0.25,0.17,2569-04-26 16:52:10
A3,A3_HCA_H3_fc240_t14,HCA,14,3.0,30.0,30.0,240,4000,5000,2849.23,766,1,5.172,2.940,5.700,0.200,0.200,0.300,1.500,0.600,0.700,12,0.25,12,0.25,12,0.25,0.18,2569-04-26 16:52:10
A3,A3_HCA_H3_fc240_t15,HCA,15,3.0,30.0,30.0,240,4000,5000,2849.23,741,1,5.399,3.084,4.762,0.200,0.200,0.300,1.500,0.400,0.900,12,0.25,12,0.25,12,0.25,0.18,2569-04-26 16:52:10
A3,A3_HCA_H3_fc240_t16,HCA,16,3.0,30.0,30.0,240,4000,5000,2849.23,267,1,5.172,2.940,5.700,0.200,0.200,0.300,1.500,0.600,0.700,12,0.25,12,0.25,12,0.25,0.16,2569-04-26 16:52:11
A3,A3_HCA_H3_fc240_t17,HCA,17,3.0,30.0,30.0,240,4000,5000,2849.23,816,1,5.399,3.084,4.762,0.200,0.200,0.300,1.500,0.400,0.900,12,0.25,12,0.25,12,0.25,0.18,2569-04-26 16:52:11
A3,A3_HCA_H3_fc240_t18,HCA,18,3.0,30.0,30.0,240,4000,5000,2849.23,331,1,5.172,2.940,5.700,0.200,0.200,0.300,1.500,0.600,0.700,12,0.25,12,0.25,12,0.25,0.17,2569-04-26 16:52:11
A3,A3_HCA_H3_fc240_t19,HCA,19,3.0,30.0,30.0,240,4000,5000,2849.23,255,1,5.300,3.012,5.228,0.200,0.200,0.300,1.500,0.500,0.800,12,0.25,12,0.25,12,0.25,0.18,2569-04-26 16:52:11
A3,A3_HCA_H3_fc240_t20,HCA,20,3.0,30.0,30.0,240,4000,5000,2849.23,324,1,5.172,2.940,5.700,0.200,0.200,0.300,1.500,0.600,0.700,12,0.25,12,0.25,12,0.25,0.19,2569-04-26 16:52:11
A3,A3_HCA_H3_fc240_t21,HCA,21,3.0,30.0,30.0,240,4000,5000,2849.23,581,1,5.399,3.084,4.762,0.200,0.200,0.300,1.500,0.400,0.900,12,0.25,12,0.25,12,0.25,0.18,2569-04-26 16:52:11
A3,A3_HCA_H3_fc240_t22,HCA,22,3.0,30.0,30.0,240,4000,5000,2849.23,245,1,5.172,2.940,5.700,0.200,0.200,0.300,1.500,0.600,0.700,12,0.25,12,0.25,12,0.25,0.18,2569-04-26 16:52:12
A3,A3_HCA_H3_fc240_t23,HCA,23,3.0,30.0,30.0,240,4000,5000,2849.23,411,1,5.399,3.084,4.762,0.200,0.200,0.300,1.500,0.400,0.900,12,0.25,12,0.25,12,0.25,0.18,2569-04-26 16:52:12
A3,A3_HCA_H3_fc240_t24,HCA,24,3.0,30.0,30.0,240,4000,5000,2849.23,364,1,5.172,2.940,5.700,0.200,0.200,0.300,1.500,0.600,0.700,12,0.25,12,0.25,12,0.25,0.17,2569-04-26 16:52:12
A3,A3_HCA_H3_fc240_t25,HCA,25,3.0,30.0,30.0,240,4000,5000,2849.23,161,1,5.172,2.940,5.700,0.200,0.200,0.300,1.500,0.600,0.700,12,0.25,12,0.25,12,0.25,0.18,2569-04-26 16:52:12
A3,A3_HCA_H3_fc240_t26,HCA,26,3.0,30.0,30.0,240,4000,5000,2849.23,1068,1,5.399,3.084,4.762,0.200,0.200,0.300,1.500,0.400,0.900,12,0.25,12,0.25,12,0.25,0.18,2569-04-26 16:52:12
A3,A3_HCA_H3_fc240_t27,HCA,27,3.0,30.0,30.0,240,4000,5000,2849.23,108,1,5.172,2.940,5.700,0.200,0.200,0.300,1.500,0.600,0.700,12,0.25,12,0.25,12,0.25,0.18,2569-04-26 16:52:13
A3,A3_HCA_H3_fc240_t28,HCA,28,3.0,30.0,30.0,240,4000,5000,2849.23,367,1,5.300,3.012,5.228,0.200,0.200,0.300,1.500,0.500,0.800,12,0.25,12,0.25,12,0.25,0.18,2569-04-26 16:52:13
A3,A3_HCA_H3_fc240_t29,HCA,29,3.0,30.0,30.0,240,4000,5000,2849.23,674,1,5.399,3.084,4.762,0.200,0.200,0.300,1.500,0.400,0.900,12,0.25,12,0.25,12,0.25,0.18,2569-04-26 16:52:13
A3,A3_HCA_H3_fc240_t30,HCA,30,3.0,30.0,30.0,240,4000,5000,2849.23,431,1,5.172,2.940,5.700,0.200,0.200,0.300,1.500,0.600,0.700,12,0.25,12,0.25,12,0.25,0.18,2569-04-26 16:52:13
A3,A3_BA_H3_fc280_t01,BA,1,3.0,30.0,30.0,280,4000,5000,2942.29,50,1,5.399,3.084,4.762,0.200,0.200,0.300,1.500,0.400,0.900,12,0.25,12,0.25,12,0.25,0.32,2569-04-26 16:52:13
A3,A3_BA_H3_fc280_t02,BA,2,3.0,30.0,30.0,280,4000,5000,2942.29,181,1,5.399,3.084,4.762,0.200,0.200,0.300,1.500,0.400,0.900,12,0.25,12,0.25,12,0.25,0.32,2569-04-26 16:52:14
A3,A3_BA_H3_fc280_t03,BA,3,3.0,30.0,30.0,280,4000,5000,2942.29,141,1,5.399,3.084,4.762,0.200,0.200,0.300,1.500,0.400,0.900,12,0.25,12,0.25,12,0.25,0.32,2569-04-26 16:52:14
A3,A3_BA_H3_fc280_t04,BA,4,3.0,30.0,30.0,280,4000,5000,2942.29,165,1,5.172,2.940,5.700,0.200,0.200,0.300,1.500,0.600,0.700,12,0.25,12,0.25,12,0.25,0.32,2569-04-26 16:52:14
A3,A3_BA_H3_fc280_t05,BA,5,3.0,30.0,30.0,280,4000,5000,2942.29,116,1,5.172,2.940,5.700,0.200,0.200,0.300,1.500,0.600,0.700,12,0.25,12,0.25,12,0.25,0.32,2569-04-26 16:52:15
A3,A3_BA_H3_fc280_t06,BA,6,3.0,30.0,30.0,280,4000,5000,2942.29,6,1,5.399,3.084,4.762,0.200,0.200,0.300,1.500,0.400,0.900,12,0.25,12,0.25,12,0.25,0.30,2569-04-26 16:52:15
A3,A3_BA_H3_fc280_t07,BA,7,3.0,30.0,30.0,280,4000,5000,2942.29,45,1,5.172,2.940,5.700,0.200,0.200,0.300,1.500,0.600,0.700,12,0.25,12,0.25,12,0.25,0.32,2569-04-26 16:52:15
A3,A3_BA_H3_fc280_t08,BA,8,3.0,30.0,30.0,280,4000,5000,2942.29,71,1,5.172,2.940,5.700,0.200,0.200,0.300,1.500,0.600,0.700,12,0.25,12,0.25,12,0.25,0.47,2569-04-26 16:52:16
A3,A3_BA_H3_fc280_t09,BA,9,3.0,30.0,30.0,280,4000,5000,2942.29,99,1,5.399,3.084,4.762,0.200,0.200,0.300,1.500,0.400,0.900,12,0.25,12,0.25,12,0.25,0.31,2569-04-26 16:52:16
A3,A3_BA_H3_fc280_t10,BA,10,3.0,30.0,30.0,280,4000,5000,2942.29,95,1,5.300,3.012,5.228,0.200,0.200,0.300,1.500,0.500,0.800,12,0.25,12,0.25,12,0.25,0.30,2569-04-26 16:52:16
A3,A3_BA_H3_fc280_t11,BA,11,3.0,30.0,30.0,280,4000,5000,2942.29,96,1,5.399,3.084,4.762,0.200,0.200,0.300,1.500,0.400,0.900,12,0.25,12,0.25,12,0.25,0.30,2569-04-26 16:52:17
A3,A3_BA_H3_fc280_t12,BA,12,3.0,30.0,30.0,280,4000,5000,2942.29,56,1,5.300,3.012,5.228,0.200,0.200,0.300,1.500,0.500,0.800,12,0.25,12,0.25,12,0.25,0.31,2569-04-26 16:52:17
A3,A3_BA_H3_fc280_t13,BA,13,3.0,30.0,30.0,280,4000,5000,2942.29,68,1,5.399,3.084,4.762,0.200,0.200,0.300,1.500,0.400,0.900,12,0.25,12,0.25,12,0.25,0.32,2569-04-26 16:52:17
A3,A3_BA_H3_fc280_t14,BA,14,3.0,30.0,30.0,280,4000,5000,2942.29,136,1,5.172,2.940,5.700,0.200,0.200,0.300,1.500,0.600,0.700,12,0.25,12,0.25,12,0.25,0.33,2569-04-26 16:52:18
A3,A3_BA_H3_fc280_t15,BA,15,3.0,30.0,30.0,280,4000,5000,2942.29,117,1,5.399,3.084,4.762,0.200,0.200,0.300,1.500,0.400,0.900,12,0.25,12,0.25,12,0.25,0.33,2569-04-26 16:52:18
A3,A3_BA_H3_fc280_t16,BA,16,3.0,30.0,30.0,280,4000,5000,2942.29,73,1,5.172,2.940,5.700,0.200,0.200,0.300,1.500,0.600,0.700,12,0.25,12,0.25,12,0.25,0.32,2569-04-26 16:52:18
A3,A3_BA_H3_fc280_t17,BA,17,3.0,30.0,30.0,280,4000,5000,2942.29,25,1,5.300,3.012,5.228,0.200,0.200,0.300,1.500,0.500,0.800,12,0.25,12,0.25,12,0.25,0.32,2569-04-26 16:52:19
A3,A3_BA_H3_fc280_t18,BA,18,3.0,30.0,30.0,280,4000,5000,2942.29,53,1,5.399,3.084,4.762,0.200,0.200,0.300,1.500,0.400,0.900,12,0.25,12,0.25,12,0.25,0.32,2569-04-26 16:52:19
A3,A3_BA_H3_fc280_t19,BA,19,3.0,30.0,30.0,280,4000,5000,2942.29,38,1,5.399,3.084,4.762,0.200,0.200,0.300,1.500,0.400,0.900,12,0.25,12,0.25,12,0.25,0.32,2569-04-26 16:52:19
A3,A3_BA_H3_fc280_t20,BA,20,3.0,30.0,30.0,280,4000,5000,2942.29,49,1,5.399,3.084,4.762,0.200,0.200,0.300,1.500,0.400,0.900,12,0.25,12,0.25,12,0.25,0.33,2569-04-26 16:52:20
A3,A3_BA_H3_fc280_t21,BA,21,3.0,30.0,30.0,280,4000,5000,2942.29,35,1,5.399,3.084,4.762,0.200,0.200,0.300,1.500,0.400,0.900,12,0.25,12,0.25,12,0.25,0.32,2569-04-26 16:52:20
A3,A3_BA_H3_fc280_t22,BA,22,3.0,30.0,30.0,280,4000,5000,2942.29,192,1,5.399,3.084,4.762,0.200,0.200,0.300,1.500,0.400,0.900,12,0.25,12,0.25,12,0.25,0.33,2569-04-26 16:52:20
A3,A3_BA_H3_fc280_t23,BA,23,3.0,30.0,30.0,280,4000,5000,2942.29,77,1,5.172,2.940,5.700,0.200,0.200,0.300,1.500,0.600,0.700,12,0.25,12,0.25,12,0.25,0.32,2569-04-26 16:52:21
A3,A3_BA_H3_fc280_t24,BA,24,3.0,30.0,30.0,280,4000,5000,2942.29,156,1,5.399,3.084,4.762,0.200,0.200,0.300,1.500,0.400,0.900,12,0.25,12,0.25,12,0.25,0.34,2569-04-26 16:52:21
A3,A3_BA_H3_fc280_t25,BA,25,3.0,30.0,30.0,280,4000,5000,2942.29,167,1,5.172,2.940,5.700,0.200,0.200,0.300,1.500,0.600,0.700,12,0.25,12,0.25,12,0.25,0.33,2569-04-26 16:52:21
A3,A3_BA_H3_fc280_t26,BA,26,3.0,30.0,30.0,280,4000,5000,2942.29,50,1,5.172,2.940,5.700,0.200,0.200,0.300,1.500,0.600,0.700,12,0.25,12,0.25,12,0.25,0.32,2569-04-26 16:52:22
A3,A3_BA_H3_fc280_t27,BA,27,3.0,30.0,30.0,280,4000,5000,2942.29,33,1,5.300,3.012,5.228,0.200,0.200,0.300,1.500,0.500,0.800,12,0.25,12,0.25,12,0.25,0.31,2569-04-26 16:52:22
A3,A3_BA_H3_fc280_t28,BA,28,3.0,30.0,30.0,280,4000,5000,2942.29,70,1,5.399,3.084,4.762,0.200,0.200,0.300,1.500,0.400,0.900,12,0.25,12,0.25,12,0.25,0.33,2569-04-26 16:52:22
A3,A3_BA_H3_fc280_t29,BA,29,3.0,30.0,30.0,280,4000,5000,2942.29,22,1,5.300,3.012,5.228,0.200,0.200,0.300,1.500,0.500,0.800,12,0.25,12,0.25,12,0.25,0.31,2569-04-26 16:52:23
A3,A3_BA_H3_fc280_t30,BA,30,3.0,30.0,30.0,280,4000,5000,2942.29,127,1,5.172,2.940,5.700,0.200,0.200,0.300,1.500,0.600,0.700,12,0.25,12,0.25,12,0.25,0.34,2569-04-26 16:52:23
A3,A3_HCA_H3_fc280_t01,HCA,1,3.0,30.0,30.0,280,4000,5000,2942.29,150,1,5.300,3.012,5.228,0.200,0.200,0.300,1.500,0.500,0.800,12,0.25,12,0.25,12,0.25,0.19,2569-04-26 16:52:23
A3,A3_HCA_H3_fc280_t02,HCA,2,3.0,30.0,30.0,280,4000,5000,2942.29,39,1,5.399,3.084,4.762,0.200,0.200,0.300,1.500,0.400,0.900,12,0.25,12,0.25,12,0.25,0.17,2569-04-26 16:52:23
A3,A3_HCA_H3_fc280_t03,HCA,3,3.0,30.0,30.0,280,4000,5000,2942.29,82,1,5.399,3.084,4.762,0.200,0.200,0.300,1.500,0.400,0.900,12,0.25,12,0.25,12,0.25,0.18,2569-04-26 16:52:23
A3,A3_HCA_H3_fc280_t04,HCA,4,3.0,30.0,30.0,280,4000,5000,2942.29,168,1,5.399,3.084,4.762,0.200,0.200,0.300,1.500,0.400,0.900,12,0.25,12,0.25,12,0.25,0.19,2569-04-26 16:52:24
A3,A3_HCA_H3_fc280_t05,HCA,5,3.0,30.0,30.0,280,4000,5000,2942.29,156,1,5.172,2.940,5.700,0.200,0.200,0.300,1.500,0.600,0.700,12,0.25,12,0.25,12,0.25,0.18,2569-04-26 16:52:24
A3,A3_HCA_H3_fc280_t06,HCA,6,3.0,30.0,30.0,280,4000,5000,2942.29,253,1,5.399,3.084,4.762,0.200,0.200,0.300,1.500,0.400,0.900,12,0.25,12,0.25,12,0.25,0.18,2569-04-26 16:52:24
A3,A3_HCA_H3_fc280_t07,HCA,7,3.0,30.0,30.0,280,4000,5000,2942.29,152,1,5.399,3.084,4.762,0.200,0.200,0.300,1.500,0.400,0.900,12,0.25,12,0.25,12,0.25,0.18,2569-04-26 16:52:24
A3,A3_HCA_H3_fc280_t08,HCA,8,3.0,30.0,30.0,280,4000,5000,2942.29,444,1,5.172,2.940,5.700,0.200,0.200,0.300,1.500,0.600,0.700,12,0.25,12,0.25,12,0.25,0.19,2569-04-26 16:52:24
A3,A3_HCA_H3_fc280_t09,HCA,9,3.0,30.0,30.0,280,4000,5000,2942.29,93,1,5.300,3.012,5.228,0.200,0.200,0.300,1.500,0.500,0.800,12,0.25,12,0.25,12,0.25,0.17,2569-04-26 16:52:25
A3,A3_HCA_H3_fc280_t10,HCA,10,3.0,30.0,30.0,280,4000,5000,2942.29,314,1,5.399,3.084,4.762,0.200,0.200,0.300,1.500,0.400,0.900,12,0.25,12,0.25,12,0.25,0.19,2569-04-26 16:52:25
A3,A3_HCA_H3_fc280_t11,HCA,11,3.0,30.0,30.0,280,4000,5000,2942.29,552,1,5.172,2.940,5.700,0.200,0.200,0.300,1.500,0.600,0.700,12,0.25,12,0.25,12,0.25,0.19,2569-04-26 16:52:25
A3,A3_HCA_H3_fc280_t12,HCA,12,3.0,30.0,30.0,280,4000,5000,2942.29,381,1,5.399,3.084,4.762,0.200,0.200,0.300,1.500,0.400,0.900,12,0.25,12,0.25,12,0.25,0.18,2569-04-26 16:52:25
A3,A3_HCA_H3_fc280_t13,HCA,13,3.0,30.0,30.0,280,4000,5000,2942.29,360,1,5.172,2.940,5.700,0.200,0.200,0.300,1.500,0.600,0.700,12,0.25,12,0.25,12,0.25,0.19,2569-04-26 16:52:25
A3,A3_HCA_H3_fc280_t14,HCA,14,3.0,30.0,30.0,280,4000,5000,2942.29,174,1,5.399,3.084,4.762,0.200,0.200,0.300,1.500,0.400,0.900,12,0.25,12,0.25,12,0.25,0.18,2569-04-26 16:52:25
A3,A3_HCA_H3_fc280_t15,HCA,15,3.0,30.0,30.0,280,4000,5000,2942.29,375,1,5.399,3.084,4.762,0.200,0.200,0.300,1.500,0.400,0.900,12,0.25,12,0.25,12,0.25,0.18,2569-04-26 16:52:26
A3,A3_HCA_H3_fc280_t16,HCA,16,3.0,30.0,30.0,280,4000,5000,2942.29,210,1,5.172,2.940,5.700,0.200,0.200,0.300,1.500,0.600,0.700,12,0.25,12,0.25,12,0.25,0.19,2569-04-26 16:52:26
A3,A3_HCA_H3_fc280_t17,HCA,17,3.0,30.0,30.0,280,4000,5000,2942.29,227,1,5.399,3.084,4.762,0.200,0.200,0.300,1.500,0.400,0.900,12,0.25,12,0.25,12,0.25,0.19,2569-04-26 16:52:26
A3,A3_HCA_H3_fc280_t18,HCA,18,3.0,30.0,30.0,280,4000,5000,2942.29,636,1,5.172,2.940,5.700,0.200,0.200,0.300,1.500,0.600,0.700,12,0.25,12,0.25,12,0.25,0.20,2569-04-26 16:52:26
A3,A3_HCA_H3_fc280_t19,HCA,19,3.0,30.0,30.0,280,4000,5000,2942.29,133,1,5.172,2.940,5.700,0.200,0.200,0.300,1.500,0.600,0.700,12,0.25,12,0.25,12,0.25,0.18,2569-04-26 16:52:26
A3,A3_HCA_H3_fc280_t20,HCA,20,3.0,30.0,30.0,280,4000,5000,2942.29,214,1,5.399,3.084,4.762,0.200,0.200,0.300,1.500,0.400,0.900,12,0.25,12,0.25,12,0.25,0.19,2569-04-26 16:52:27
A3,A3_HCA_H3_fc280_t21,HCA,21,3.0,30.0,30.0,280,4000,5000,2942.29,395,1,5.300,3.012,5.228,0.200,0.200,0.300,1.500,0.500,0.800,12,0.25,12,0.25,12,0.25,0.18,2569-04-26 16:52:27
A3,A3_HCA_H3_fc280_t22,HCA,22,3.0,30.0,30.0,280,4000,5000,2942.29,205,1,5.300,3.012,5.228,0.200,0.200,0.300,1.500,0.500,0.800,12,0.25,12,0.25,12,0.25,0.18,2569-04-26 16:52:27
A3,A3_HCA_H3_fc280_t23,HCA,23,3.0,30.0,30.0,280,4000,5000,2942.29,289,1,5.172,2.940,5.700,0.200,0.200,0.300,1.500,0.600,0.700,12,0.25,12,0.25,12,0.25,0.16,2569-04-26 16:52:27
A3,A3_HCA_H3_fc280_t24,HCA,24,3.0,30.0,30.0,280,4000,5000,2942.29,189,1,5.300,3.012,5.228,0.200,0.200,0.300,1.500,0.500,0.800,12,0.25,12,0.25,12,0.25,0.19,2569-04-26 16:52:27
A3,A3_HCA_H3_fc280_t25,HCA,25,3.0,30.0,30.0,280,4000,5000,2942.29,256,1,5.172,2.940,5.700,0.200,0.200,0.300,1.500,0.600,0.700,12,0.25,12,0.25,12,0.25,0.18,2569-04-26 16:52:27
A3,A3_HCA_H3_fc280_t26,HCA,26,3.0,30.0,30.0,280,4000,5000,2942.29,240,1,5.399,3.084,4.762,0.200,0.200,0.300,1.500,0.400,0.900,12,0.25,12,0.25,12,0.25,0.19,2569-04-26 16:52:28
A3,A3_HCA_H3_fc280_t27,HCA,27,3.0,30.0,30.0,280,4000,5000,2942.29,536,1,5.172,2.940,5.700,0.200,0.200,0.300,1.500,0.600,0.700,12,0.25,12,0.25,12,0.25,0.19,2569-04-26 16:52:28
A3,A3_HCA_H3_fc280_t28,HCA,28,3.0,30.0,30.0,280,4000,5000,2942.29,987,1,5.172,2.940,5.700,0.200,0.200,0.300,1.500,0.600,0.700,12,0.25,12,0.25,12,0.25,0.19,2569-04-26 16:52:28
A3,A3_HCA_H3_fc280_t29,HCA,29,3.0,30.0,30.0,280,4000,5000,2942.29,527,1,5.172,2.940,5.700,0.200,0.200,0.300,1.500,0.600,0.700,12,0.25,12,0.25,12,0.25,0.18,2569-04-26 16:52:28
A3,A3_HCA_H3_fc280_t30,HCA,30,3.0,30.0,30.0,280,4000,5000,2942.29,521,1,5.399,3.084,4.762,0.200,0.200,0.300,1.500,0.400,0.900,12,0.25,12,0.25,12,0.25,0.19,2569-04-26 16:52:28
A3,A3_BA_H3_fc320_t01,BA,1,3.0,30.0,30.0,320,4000,5000,3034.36,76,1,5.300,3.012,5.228,0.200,0.200,0.300,1.500,0.500,0.800,12,0.25,12,0.25,12,0.25,0.32,2569-04-26 16:52:29
A3,A3_BA_H3_fc320_t02,BA,2,3.0,30.0,30.0,320,4000,5000,3034.36,54,1,5.172,2.940,5.700,0.200,0.200,0.300,1.500,0.600,0.700,12,0.25,12,0.25,12,0.25,0.34,2569-04-26 16:52:29
A3,A3_BA_H3_fc320_t03,BA,3,3.0,30.0,30.0,320,4000,5000,3034.36,124,1,5.399,3.084,4.762,0.200,0.200,0.300,1.500,0.400,0.900,12,0.25,12,0.25,12,0.25,0.32,2569-04-26 16:52:29
A3,A3_BA_H3_fc320_t04,BA,4,3.0,30.0,30.0,320,4000,5000,3034.36,101,1,5.300,3.012,5.228,0.200,0.200,0.300,1.500,0.500,0.800,12,0.25,12,0.25,12,0.25,0.33,2569-04-26 16:52:30
A3,A3_BA_H3_fc320_t05,BA,5,3.0,30.0,30.0,320,4000,5000,3034.36,51,1,5.399,3.084,4.762,0.200,0.200,0.300,1.500,0.400,0.900,12,0.25,12,0.25,12,0.25,0.33,2569-04-26 16:52:30
A3,A3_BA_H3_fc320_t06,BA,6,3.0,30.0,30.0,320,4000,5000,3034.36,66,1,5.399,3.084,4.762,0.200,0.200,0.300,1.500,0.400,0.900,12,0.25,12,0.25,12,0.25,0.33,2569-04-26 16:52:30
A3,A3_BA_H3_fc320_t07,BA,7,3.0,30.0,30.0,320,4000,5000,3034.36,302,1,5.172,2.940,5.700,0.200,0.200,0.300,1.500,0.600,0.700,12,0.25,12,0.25,12,0.25,0.32,2569-04-26 16:52:31
A3,A3_BA_H3_fc320_t08,BA,8,3.0,30.0,30.0,320,4000,5000,3034.36,138,1,5.172,2.940,5.700,0.200,0.200,0.300,1.500,0.600,0.700,12,0.25,12,0.25,12,0.25,0.34,2569-04-26 16:52:31
A3,A3_BA_H3_fc320_t09,BA,9,3.0,30.0,30.0,320,4000,5000,3034.36,76,1,5.300,3.012,5.228,0.200,0.200,0.300,1.500,0.500,0.800,12,0.25,12,0.25,12,0.25,0.33,2569-04-26 16:52:31
A3,A3_BA_H3_fc320_t10,BA,10,3.0,30.0,30.0,320,4000,5000,3034.36,89,1,5.300,3.012,5.228,0.200,0.200,0.300,1.500,0.500,0.800,12,0.25,12,0.25,12,0.25,0.32,2569-04-26 16:52:32
A3,A3_BA_H3_fc320_t11,BA,11,3.0,30.0,30.0,320,4000,5000,3034.36,63,1,5.399,3.084,4.762,0.200,0.200,0.300,1.500,0.400,0.900,12,0.25,12,0.25,12,0.25,0.33,2569-04-26 16:52:32
A3,A3_BA_H3_fc320_t12,BA,12,3.0,30.0,30.0,320,4000,5000,3034.36,29,1,5.399,3.084,4.762,0.200,0.200,0.300,1.500,0.400,0.900,12,0.25,12,0.25,12,0.25,0.34,2569-04-26 16:52:32
A3,A3_BA_H3_fc320_t13,BA,13,3.0,30.0,30.0,320,4000,5000,3034.36,92,1,5.300,3.012,5.228,0.200,0.200,0.300,1.500,0.500,0.800,12,0.25,12,0.25,12,0.25,0.33,2569-04-26 16:52:33
A3,A3_BA_H3_fc320_t14,BA,14,3.0,30.0,30.0,320,4000,5000,3034.36,33,1,5.300,3.012,5.228,0.200,0.200,0.300,1.500,0.500,0.800,12,0.25,12,0.25,12,0.25,0.33,2569-04-26 16:52:33
A3,A3_BA_H3_fc320_t15,BA,15,3.0,30.0,30.0,320,4000,5000,3034.36,89,1,5.399,3.084,4.762,0.200,0.200,0.300,1.500,0.400,0.900,12,0.25,12,0.25,12,0.25,0.33,2569-04-26 16:52:33
A3,A3_BA_H3_fc320_t16,BA,16,3.0,30.0,30.0,320,4000,5000,3034.36,74,1,5.399,3.084,4.762,0.200,0.200,0.300,1.500,0.400,0.900,12,0.25,12,0.25,12,0.25,0.32,2569-04-26 16:52:34
A3,A3_BA_H3_fc320_t17,BA,17,3.0,30.0,30.0,320,4000,5000,3034.36,97,1,5.300,3.012,5.228,0.200,0.200,0.300,1.500,0.500,0.800,12,0.25,12,0.25,12,0.25,0.34,2569-04-26 16:52:34
A3,A3_BA_H3_fc320_t18,BA,18,3.0,30.0,30.0,320,4000,5000,3034.36,51,1,5.172,2.940,5.700,0.200,0.200,0.300,1.500,0.600,0.700,12,0.25,12,0.25,12,0.25,0.32,2569-04-26 16:52:34
A3,A3_BA_H3_fc320_t19,BA,19,3.0,30.0,30.0,320,4000,5000,3034.36,78,1,5.399,3.084,4.762,0.200,0.200,0.300,1.500,0.400,0.900,12,0.25,12,0.25,12,0.25,0.32,2569-04-26 16:52:35
A3,A3_BA_H3_fc320_t20,BA,20,3.0,30.0,30.0,320,4000,5000,3034.36,102,1,5.300,3.012,5.228,0.200,0.200,0.300,1.500,0.500,0.800,12,0.25,12,0.25,12,0.25,0.32,2569-04-26 16:52:35
A3,A3_BA_H3_fc320_t21,BA,21,3.0,30.0,30.0,320,4000,5000,3034.36,45,1,5.172,2.940,5.700,0.200,0.200,0.300,1.500,0.600,0.700,12,0.25,12,0.25,12,0.25,0.34,2569-04-26 16:52:35
A3,A3_BA_H3_fc320_t22,BA,22,3.0,30.0,30.0,320,4000,5000,3034.36,110,1,5.172,2.940,5.700,0.200,0.200,0.300,1.500,0.600,0.700,12,0.25,12,0.25,12,0.25,0.31,2569-04-26 16:52:36
A3,A3_BA_H3_fc320_t23,BA,23,3.0,30.0,30.0,320,4000,5000,3034.36,124,1,5.399,3.084,4.762,0.200,0.200,0.300,1.500,0.400,0.900,12,0.25,12,0.25,12,0.25,0.32,2569-04-26 16:52:36
A3,A3_BA_H3_fc320_t24,BA,24,3.0,30.0,30.0,320,4000,5000,3034.36,70,1,5.399,3.084,4.762,0.200,0.200,0.300,1.500,0.400,0.900,12,0.25,12,0.25,12,0.25,0.32,2569-04-26 16:52:36
A3,A3_BA_H3_fc320_t25,BA,25,3.0,30.0,30.0,320,4000,5000,3034.36,76,1,5.399,3.084,4.762,0.200,0.200,0.300,1.500,0.400,0.900,12,0.25,12,0.25,12,0.25,0.32,2569-04-26 16:52:37
A3,A3_BA_H3_fc320_t26,BA,26,3.0,30.0,30.0,320,4000,5000,3034.36,48,1,5.399,3.084,4.762,0.200,0.200,0.300,1.500,0.400,0.900,12,0.25,12,0.25,12,0.25,0.31,2569-04-26 16:52:37
A3,A3_BA_H3_fc320_t27,BA,27,3.0,30.0,30.0,320,4000,5000,3034.36,158,1,5.300,3.012,5.228,0.200,0.200,0.300,1.500,0.500,0.800,12,0.25,12,0.25,12,0.25,0.31,2569-04-26 16:52:37
A3,A3_BA_H3_fc320_t28,BA,28,3.0,30.0,30.0,320,4000,5000,3034.36,22,1,5.172,2.940,5.700,0.200,0.200,0.300,1.500,0.600,0.700,12,0.25,12,0.25,12,0.25,0.30,2569-04-26 16:52:38
A3,A3_BA_H3_fc320_t29,BA,29,3.0,30.0,30.0,320,4000,5000,3034.36,58,1,5.172,2.940,5.700,0.200,0.200,0.300,1.500,0.600,0.700,12,0.25,12,0.25,12,0.25,0.32,2569-04-26 16:52:38
A3,A3_BA_H3_fc320_t30,BA,30,3.0,30.0,30.0,320,4000,5000,3034.36,56,1,5.300,3.012,5.228,0.200,0.200,0.300,1.500,0.500,0.800,12,0.25,12,0.25,12,0.25,0.33,2569-04-26 16:52:38
A3,A3_HCA_H3_fc320_t01,HCA,1,3.0,30.0,30.0,320,4000,5000,3034.36,268,1,5.300,3.012,5.228,0.200,0.200,0.300,1.500,0.500,0.800,12,0.25,12,0.25,12,0.25,0.19,2569-04-26 16:52:38
A3,A3_HCA_H3_fc320_t02,HCA,2,3.0,30.0,30.0,320,4000,5000,3034.36,358,1,5.172,2.940,5.700,0.200,0.200,0.300,1.500,0.600,0.700,12,0.25,12,0.25,12,0.25,0.18,2569-04-26 16:52:39
A3,A3_HCA_H3_fc320_t03,HCA,3,3.0,30.0,30.0,320,4000,5000,3034.36,541,1,5.172,2.940,5.700,0.200,0.200,0.300,1.500,0.600,0.700,12,0.25,12,0.25,12,0.25,0.19,2569-04-26 16:52:39
A3,A3_HCA_H3_fc320_t04,HCA,4,3.0,30.0,30.0,320,4000,5000,3034.36,344,1,5.300,3.012,5.228,0.200,0.200,0.300,1.500,0.500,0.800,12,0.25,12,0.25,12,0.25,0.19,2569-04-26 16:52:39
A3,A3_HCA_H3_fc320_t05,HCA,5,3.0,30.0,30.0,320,4000,5000,3034.36,609,1,5.399,3.084,4.762,0.200,0.200,0.300,1.500,0.400,0.900,12,0.25,12,0.25,12,0.25,0.19,2569-04-26 16:52:39
A3,A3_HCA_H3_fc320_t06,HCA,6,3.0,30.0,30.0,320,4000,5000,3034.36,608,1,5.399,3.084,4.762,0.200,0.200,0.300,1.500,0.400,0.900,12,0.25,12,0.25,12,0.25,0.19,2569-04-26 16:52:39
A3,A3_HCA_H3_fc320_t07,HCA,7,3.0,30.0,30.0,320,4000,5000,3034.36,208,1,5.300,3.012,5.228,0.200,0.200,0.300,1.500,0.500,0.800,12,0.25,12,0.25,12,0.25,0.19,2569-04-26 16:52:40
A3,A3_HCA_H3_fc320_t08,HCA,8,3.0,30.0,30.0,320,4000,5000,3034.36,500,1,5.172,2.940,5.700,0.200,0.200,0.300,1.500,0.600,0.700,12,0.25,12,0.25,12,0.25,0.18,2569-04-26 16:52:40
A3,A3_HCA_H3_fc320_t09,HCA,9,3.0,30.0,30.0,320,4000,5000,3034.36,113,1,5.399,3.084,4.762,0.200,0.200,0.300,1.500,0.400,0.900,12,0.25,12,0.25,12,0.25,0.18,2569-04-26 16:52:40
A3,A3_HCA_H3_fc320_t10,HCA,10,3.0,30.0,30.0,320,4000,5000,3034.36,105,1,5.399,3.084,4.762,0.200,0.200,0.300,1.500,0.400,0.900,12,0.25,12,0.25,12,0.25,0.19,2569-04-26 16:52:40
A3,A3_HCA_H3_fc320_t11,HCA,11,3.0,30.0,30.0,320,4000,5000,3034.36,431,1,5.172,2.940,5.700,0.200,0.200,0.300,1.500,0.600,0.700,12,0.25,12,0.25,12,0.25,0.19,2569-04-26 16:52:40
A3,A3_HCA_H3_fc320_t12,HCA,12,3.0,30.0,30.0,320,4000,5000,3034.36,641,1,5.399,3.084,4.762,0.200,0.200,0.300,1.500,0.400,0.900,12,0.25,12,0.25,12,0.25,0.19,2569-04-26 16:52:40
A3,A3_HCA_H3_fc320_t13,HCA,13,3.0,30.0,30.0,320,4000,5000,3034.36,275,1,5.399,3.084,4.762,0.200,0.200,0.300,1.500,0.400,0.900,12,0.25,12,0.25,12,0.25,0.19,2569-04-26 16:52:41
A3,A3_HCA_H3_fc320_t14,HCA,14,3.0,30.0,30.0,320,4000,5000,3034.36,523,1,5.399,3.084,4.762,0.200,0.200,0.300,1.500,0.400,0.900,12,0.25,12,0.25,12,0.25,0.19,2569-04-26 16:52:41
A3,A3_HCA_H3_fc320_t15,HCA,15,3.0,30.0,30.0,320,4000,5000,3034.36,494,1,5.172,2.940,5.700,0.200,0.200,0.300,1.500,0.600,0.700,12,0.25,12,0.25,12,0.25,0.19,2569-04-26 16:52:41
A3,A3_HCA_H3_fc320_t16,HCA,16,3.0,30.0,30.0,320,4000,5000,3034.36,503,1,5.399,3.084,4.762,0.200,0.200,0.300,1.500,0.400,0.900,12,0.25,12,0.25,12,0.25,0.20,2569-04-26 16:52:41
A3,A3_HCA_H3_fc320_t17,HCA,17,3.0,30.0,30.0,320,4000,5000,3034.36,962,1,5.399,3.084,4.762,0.200,0.200,0.300,1.500,0.400,0.900,12,0.25,12,0.25,12,0.25,0.18,2569-04-26 16:52:41
A3,A3_HCA_H3_fc320_t18,HCA,18,3.0,30.0,30.0,320,4000,5000,3034.36,291,1,5.399,3.084,4.762,0.200,0.200,0.300,1.500,0.400,0.900,12,0.25,12,0.25,12,0.25,0.19,2569-04-26 16:52:42
A3,A3_HCA_H3_fc320_t19,HCA,19,3.0,30.0,30.0,320,4000,5000,3034.36,325,1,5.399,3.084,4.762,0.200,0.200,0.300,1.500,0.400,0.900,12,0.25,12,0.25,12,0.25,0.19,2569-04-26 16:52:42
A3,A3_HCA_H3_fc320_t20,HCA,20,3.0,30.0,30.0,320,4000,5000,3034.36,150,1,5.399,3.084,4.762,0.200,0.200,0.300,1.500,0.400,0.900,12,0.25,12,0.25,12,0.25,0.19,2569-04-26 16:52:42
A3,A3_HCA_H3_fc320_t21,HCA,21,3.0,30.0,30.0,320,4000,5000,3034.36,140,1,5.172,2.940,5.700,0.200,0.200,0.300,1.500,0.600,0.700,12,0.25,12,0.25,12,0.25,0.19,2569-04-26 16:52:42
A3,A3_HCA_H3_fc320_t22,HCA,22,3.0,30.0,30.0,320,4000,5000,3034.36,205,1,5.300,3.012,5.228,0.200,0.200,0.300,1.500,0.500,0.800,12,0.25,12,0.25,12,0.25,0.19,2569-04-26 16:52:42
A3,A3_HCA_H3_fc320_t23,HCA,23,3.0,30.0,30.0,320,4000,5000,3034.36,550,1,5.300,3.012,5.228,0.200,0.200,0.300,1.500,0.500,0.800,12,0.25,12,0.25,12,0.25,0.18,2569-04-26 16:52:43
A3,A3_HCA_H3_fc320_t24,HCA,24,3.0,30.0,30.0,320,4000,5000,3034.36,99,1,5.399,3.084,4.762,0.200,0.200,0.300,1.500,0.400,0.900,12,0.25,12,0.25,12,0.25,0.19,2569-04-26 16:52:43
A3,A3_HCA_H3_fc320_t25,HCA,25,3.0,30.0,30.0,320,4000,5000,3034.36,243,1,5.399,3.084,4.762,0.200,0.200,0.300,1.500,0.400,0.900,12,0.25,12,0.25,12,0.25,0.19,2569-04-26 16:52:43
A3,A3_HCA_H3_fc320_t26,HCA,26,3.0,30.0,30.0,320,4000,5000,3034.36,395,1,5.399,3.084,4.762,0.200,0.200,0.300,1.500,0.400,0.900,12,0.25,12,0.25,12,0.25,0.18,2569-04-26 16:52:43
A3,A3_HCA_H3_fc320_t27,HCA,27,3.0,30.0,30.0,320,4000,5000,3034.36,92,1,5.172,2.940,5.700,0.200,0.200,0.300,1.500,0.600,0.700,12,0.25,12,0.25,12,0.25,0.18,2569-04-26 16:52:43
A3,A3_HCA_H3_fc320_t28,HCA,28,3.0,30.0,30.0,320,4000,5000,3034.36,483,1,5.399,3.084,4.762,0.200,0.200,0.300,1.500,0.400,0.900,12,0.25,12,0.25,12,0.25,0.18,2569-04-26 16:52:43
A3,A3_HCA_H3_fc320_t29,HCA,29,3.0,30.0,30.0,320,4000,5000,3034.36,394,1,5.172,2.940,5.700,0.200,0.200,0.300,1.500,0.600,0.700,12,0.25,12,0.25,12,0.25,0.20,2569-04-26 16:52:44
A3,A3_HCA_H3_fc320_t30,HCA,30,3.0,30.0,30.0,320,4000,5000,3034.36,284,1,5.172,2.940,5.700,0.200,0.200,0.300,1.500,0.600,0.700,12,0.25,12,0.25,12,0.25,0.18,2569-04-26 16:52:44
A3,A3_BA_H4_fc240_t01,BA,1,4.0,30.0,30.0,240,4000,5000,3975.51,469,1,2.796,2.207,3.229,0.200,0.200,0.300,2.000,0.800,1.000,12,0.25,12,0.15,12,0.15,0.34,2569-04-26 16:52:44
A3,A3_BA_H4_fc240_t02,BA,2,4.0,30.0,30.0,240,4000,5000,3975.51,181,1,2.865,2.270,3.062,0.200,0.200,0.300,2.000,0.700,1.100,12,0.25,12,0.15,12,0.15,0.34,2569-04-26 16:52:45
A3,A3_BA_H4_fc240_t03,BA,3,4.0,30.0,30.0,240,4000,5000,3975.51,488,1,2.865,2.270,3.062,0.200,0.200,0.300,2.000,0.700,1.100,12,0.25,12,0.15,12,0.15,0.34,2569-04-26 16:52:45
A3,A3_BA_H4_fc240_t04,BA,4,4.0,30.0,30.0,240,4000,5000,3975.51,1734,1,2.796,2.207,3.229,0.200,0.200,0.300,2.000,0.800,1.000,12,0.25,12,0.15,12,0.15,0.34,2569-04-26 16:52:45
A3,A3_BA_H4_fc240_t05,BA,5,4.0,30.0,30.0,240,4000,5000,3975.51,559,1,2.865,2.270,3.062,0.200,0.200,0.300,2.000,0.700,1.100,12,0.25,12,0.15,12,0.15,0.32,2569-04-26 16:52:46
A3,A3_BA_H4_fc240_t06,BA,6,4.0,30.0,30.0,240,4000,5000,3975.51,1234,1,2.865,2.270,3.062,0.200,0.200,0.300,2.000,0.700,1.100,12,0.25,12,0.15,12,0.15,0.34,2569-04-26 16:52:46
A3,A3_BA_H4_fc240_t07,BA,7,4.0,30.0,30.0,240,4000,5000,3975.51,727,1,2.796,2.207,3.229,0.200,0.200,0.300,2.000,0.800,1.000,12,0.25,12,0.15,12,0.15,0.32,2569-04-26 16:52:46
A3,A3_BA_H4_fc240_t08,BA,8,4.0,30.0,30.0,240,4000,5000,3975.51,929,1,2.796,2.207,3.229,0.200,0.200,0.300,2.000,0.800,1.000,12,0.25,12,0.15,12,0.15,0.34,2569-04-26 16:52:47
A3,A3_BA_H4_fc240_t09,BA,9,4.0,30.0,30.0,240,4000,5000,3975.51,1312,1,2.796,2.207,3.229,0.200,0.200,0.300,2.000,0.800,1.000,12,0.25,12,0.15,12,0.15,0.34,2569-04-26 16:52:47
A3,A3_BA_H4_fc240_t10,BA,10,4.0,30.0,30.0,240,4000,5000,3975.51,739,1,2.796,2.207,3.229,0.200,0.200,0.300,2.000,0.800,1.000,12,0.25,12,0.15,12,0.15,0.34,2569-04-26 16:52:47
A3,A3_BA_H4_fc240_t11,BA,11,4.0,30.0,30.0,240,4000,5000,3975.51,456,1,2.865,2.270,3.062,0.200,0.200,0.300,2.000,0.700,1.100,12,0.25,12,0.15,12,0.15,0.32,2569-04-26 16:52:48
A3,A3_BA_H4_fc240_t12,BA,12,4.0,30.0,30.0,240,4000,5000,3975.51,370,1,2.865,2.270,3.062,0.200,0.200,0.300,2.000,0.700,1.100,12,0.25,12,0.15,12,0.15,0.32,2569-04-26 16:52:48
A3,A3_BA_H4_fc240_t13,BA,13,4.0,30.0,30.0,240,4000,5000,3975.51,178,1,2.865,2.270,3.062,0.200,0.200,0.300,2.000,0.700,1.100,12,0.25,12,0.15,12,0.15,0.31,2569-04-26 16:52:48
A3,A3_BA_H4_fc240_t14,BA,14,4.0,30.0,30.0,240,4000,5000,3975.51,446,1,2.865,2.270,3.062,0.200,0.200,0.300,2.000,0.700,1.100,12,0.25,12,0.15,12,0.15,0.31,2569-04-26 16:52:49
A3,A3_BA_H4_fc240_t15,BA,15,4.0,30.0,30.0,240,4000,5000,3975.51,874,1,2.865,2.270,3.062,0.200,0.200,0.300,2.000,0.700,1.100,12,0.25,12,0.15,12,0.15,0.33,2569-04-26 16:52:49
A3,A3_BA_H4_fc240_t16,BA,16,4.0,30.0,30.0,240,4000,5000,4133.09,272,1,2.935,2.339,2.883,0.200,0.200,0.350,2.000,0.600,1.200,12,0.25,12,0.25,12,0.15,0.32,2569-04-26 16:52:49
A3,A3_BA_H4_fc240_t17,BA,17,4.0,30.0,30.0,240,4000,5000,3975.51,328,1,2.865,2.270,3.062,0.200,0.200,0.300,2.000,0.700,1.100,12,0.25,12,0.15,12,0.15,0.31,2569-04-26 16:52:49
A3,A3_BA_H4_fc240_t18,BA,18,4.0,30.0,30.0,240,4000,5000,3975.51,176,1,2.796,2.207,3.229,0.200,0.200,0.300,2.000,0.800,1.000,12,0.25,12,0.15,12,0.15,0.32,2569-04-26 16:52:50
A3,A3_BA_H4_fc240_t19,BA,19,4.0,30.0,30.0,240,4000,5000,3975.51,218,1,2.796,2.207,3.229,0.200,0.200,0.300,2.000,0.800,1.000,12,0.25,12,0.15,12,0.15,0.33,2569-04-26 16:52:50
A3,A3_BA_H4_fc240_t20,BA,20,4.0,30.0,30.0,240,4000,5000,3975.51,745,1,2.796,2.207,3.229,0.200,0.200,0.300,2.000,0.800,1.000,12,0.25,12,0.15,12,0.15,0.32,2569-04-26 16:52:50
A3,A3_BA_H4_fc240_t21,BA,21,4.0,30.0,30.0,240,4000,5000,3975.51,603,1,2.796,2.207,3.229,0.200,0.200,0.300,2.000,0.800,1.000,12,0.25,12,0.15,12,0.15,0.34,2569-04-26 16:52:51
A3,A3_BA_H4_fc240_t22,BA,22,4.0,30.0,30.0,240,4000,5000,3975.51,582,1,2.796,2.207,3.229,0.200,0.200,0.300,2.000,0.800,1.000,12,0.25,12,0.15,12,0.15,0.33,2569-04-26 16:52:51
A3,A3_BA_H4_fc240_t23,BA,23,4.0,30.0,30.0,240,4000,5000,3975.51,263,1,2.796,2.207,3.229,0.200,0.200,0.300,2.000,0.800,1.000,12,0.25,12,0.15,12,0.15,0.34,2569-04-26 16:52:51
A3,A3_BA_H4_fc240_t24,BA,24,4.0,30.0,30.0,240,4000,5000,3975.51,615,1,2.796,2.207,3.229,0.200,0.200,0.300,2.000,0.800,1.000,12,0.25,12,0.15,12,0.15,0.34,2569-04-26 16:52:52
A3,A3_BA_H4_fc240_t25,BA,25,4.0,30.0,30.0,240,4000,5000,3975.51,558,1,2.796,2.207,3.229,0.200,0.200,0.300,2.000,0.800,1.000,12,0.25,12,0.15,12,0.15,0.33,2569-04-26 16:52:52
A3,A3_BA_H4_fc240_t26,BA,26,4.0,30.0,30.0,240,4000,5000,3975.51,89,1,2.796,2.207,3.229,0.200,0.200,0.300,2.000,0.800,1.000,12,0.25,12,0.15,12,0.15,0.33,2569-04-26 16:52:52
A3,A3_BA_H4_fc240_t27,BA,27,4.0,30.0,30.0,240,4000,5000,3975.51,545,1,2.796,2.207,3.229,0.200,0.200,0.300,2.000,0.800,1.000,12,0.25,12,0.15,12,0.15,0.33,2569-04-26 16:52:53
A3,A3_BA_H4_fc240_t28,BA,28,4.0,30.0,30.0,240,4000,5000,3975.51,334,1,2.865,2.270,3.062,0.200,0.200,0.300,2.000,0.700,1.100,12,0.25,12,0.15,12,0.15,0.33,2569-04-26 16:52:53
A3,A3_BA_H4_fc240_t29,BA,29,4.0,30.0,30.0,240,4000,5000,3975.51,499,1,2.796,2.207,3.229,0.200,0.200,0.300,2.000,0.800,1.000,12,0.25,12,0.15,12,0.15,0.34,2569-04-26 16:52:53
A3,A3_BA_H4_fc240_t30,BA,30,4.0,30.0,30.0,240,4000,5000,3975.51,93,1,2.796,2.207,3.229,0.200,0.200,0.300,2.000,0.800,1.000,12,0.25,12,0.15,12,0.15,0.33,2569-04-26 16:52:54
A3,A3_HCA_H4_fc240_t01,HCA,1,4.0,30.0,30.0,240,4000,5000,3975.51,2425,1,2.796,2.207,3.229,0.200,0.200,0.300,2.000,0.800,1.000,12,0.25,12,0.15,12,0.15,0.19,2569-04-26 16:52:54
A3,A3_HCA_H4_fc240_t02,HCA,2,4.0,30.0,30.0,240,4000,5000,3975.51,231,1,2.865,2.270,3.062,0.200,0.200,0.300,2.000,0.700,1.100,12,0.25,12,0.15,12,0.15,0.20,2569-04-26 16:52:54
A3,A3_HCA_H4_fc240_t03,HCA,3,4.0,30.0,30.0,240,4000,5000,3975.51,2618,1,2.796,2.207,3.229,0.200,0.200,0.300,2.000,0.800,1.000,12,0.25,12,0.15,12,0.15,0.20,2569-04-26 16:52:54
A3,A3_HCA_H4_fc240_t04,HCA,4,4.0,30.0,30.0,240,4000,5000,3985.94,1264,1,2.865,2.270,3.062,0.200,0.200,0.300,2.000,0.700,1.100,12,0.25,16,0.25,12,0.15,0.19,2569-04-26 16:52:55
A3,A3_HCA_H4_fc240_t05,HCA,5,4.0,30.0,30.0,240,4000,5000,3975.51,244,1,2.796,2.207,3.229,0.200,0.200,0.300,2.000,0.800,1.000,12,0.25,12,0.15,12,0.15,0.18,2569-04-26 16:52:55
A3,A3_HCA_H4_fc240_t06,HCA,6,4.0,30.0,30.0,240,4000,5000,3975.51,2522,1,2.796,2.207,3.229,0.200,0.200,0.300,2.000,0.800,1.000,12,0.25,12,0.15,12,0.15,0.19,2569-04-26 16:52:55
A3,A3_HCA_H4_fc240_t07,HCA,7,4.0,30.0,30.0,240,4000,5000,3975.51,3717,1,2.796,2.207,3.229,0.200,0.200,0.300,2.000,0.800,1.000,12,0.25,12,0.15,12,0.15,0.20,2569-04-26 16:52:55
A3,A3_HCA_H4_fc240_t08,HCA,8,4.0,30.0,30.0,240,4000,5000,3975.51,1446,1,2.865,2.270,3.062,0.200,0.200,0.300,2.000,0.700,1.100,12,0.25,12,0.15,12,0.15,0.20,2569-04-26 16:52:55
A3,A3_HCA_H4_fc240_t09,HCA,9,4.0,30.0,30.0,240,4000,5000,3975.51,566,1,2.865,2.270,3.062,0.200,0.200,0.300,2.000,0.700,1.100,12,0.25,12,0.15,12,0.15,0.19,2569-04-26 16:52:56
A3,A3_HCA_H4_fc240_t10,HCA,10,4.0,30.0,30.0,240,4000,5000,3985.94,4607,1,2.865,2.270,3.062,0.200,0.200,0.300,2.000,0.700,1.100,12,0.25,16,0.25,12,0.15,0.20,2569-04-26 16:52:56
A3,A3_HCA_H4_fc240_t11,HCA,11,4.0,30.0,30.0,240,4000,5000,3975.51,1072,1,2.865,2.270,3.062,0.200,0.200,0.300,2.000,0.700,1.100,12,0.25,12,0.15,12,0.15,0.19,2569-04-26 16:52:56
A3,A3_HCA_H4_fc240_t12,HCA,12,4.0,30.0,30.0,240,4000,5000,3975.51,4124,1,2.796,2.207,3.229,0.200,0.200,0.300,2.000,0.800,1.000,12,0.25,12,0.15,12,0.15,0.18,2569-04-26 16:52:56
A3,A3_HCA_H4_fc240_t13,HCA,13,4.0,30.0,30.0,240,4000,5000,3975.51,2346,1,2.865,2.270,3.062,0.200,0.200,0.300,2.000,0.700,1.100,12,0.25,12,0.15,12,0.15,0.20,2569-04-26 16:52:56
A3,A3_HCA_H4_fc240_t14,HCA,14,4.0,30.0,30.0,240,4000,5000,3975.51,1820,1,2.865,2.270,3.062,0.200,0.200,0.300,2.000,0.700,1.100,12,0.25,12,0.15,12,0.15,0.20,2569-04-26 16:52:56
A3,A3_HCA_H4_fc240_t15,HCA,15,4.0,30.0,30.0,240,4000,5000,3975.51,2894,1,2.796,2.207,3.229,0.200,0.200,0.300,2.000,0.800,1.000,12,0.25,12,0.15,12,0.15,0.20,2569-04-26 16:52:57
A3,A3_HCA_H4_fc240_t16,HCA,16,4.0,30.0,30.0,240,4000,5000,3988.78,4167,1,2.796,2.207,3.229,0.200,0.200,0.300,2.000,0.800,1.000,12,0.25,12,0.15,16,0.25,0.19,2569-04-26 16:52:57
A3,A3_HCA_H4_fc240_t17,HCA,17,4.0,30.0,30.0,240,4000,5000,3975.51,525,1,2.796,2.207,3.229,0.200,0.200,0.300,2.000,0.800,1.000,12,0.25,12,0.15,12,0.15,0.19,2569-04-26 16:52:57
A3,A3_HCA_H4_fc240_t18,HCA,18,4.0,30.0,30.0,240,4000,5000,3975.51,2359,1,2.796,2.207,3.229,0.200,0.200,0.300,2.000,0.800,1.000,12,0.25,12,0.15,12,0.15,0.18,2569-04-26 16:52:57
A3,A3_HCA_H4_fc240_t19,HCA,19,4.0,30.0,30.0,240,4000,5000,3975.51,3563,1,2.865,2.270,3.062,0.200,0.200,0.300,2.000,0.700,1.100,12,0.25,12,0.15,12,0.15,0.20,2569-04-26 16:52:57
A3,A3_HCA_H4_fc240_t20,HCA,20,4.0,30.0,30.0,240,4000,5000,3975.51,692,1,2.796,2.207,3.229,0.200,0.200,0.300,2.000,0.800,1.000,12,0.25,12,0.15,12,0.15,0.18,2569-04-26 16:52:58
A3,A3_HCA_H4_fc240_t21,HCA,21,4.0,30.0,30.0,240,4000,5000,3975.51,1227,1,2.865,2.270,3.062,0.200,0.200,0.300,2.000,0.700,1.100,12,0.25,12,0.15,12,0.15,0.18,2569-04-26 16:52:58
A3,A3_HCA_H4_fc240_t22,HCA,22,4.0,30.0,30.0,240,4000,5000,3975.51,4522,1,2.865,2.270,3.062,0.200,0.200,0.300,2.000,0.700,1.100,12,0.25,12,0.15,12,0.15,0.20,2569-04-26 16:52:58
A3,A3_HCA_H4_fc240_t23,HCA,23,4.0,30.0,30.0,240,4000,5000,4004.89,1438,1,2.972,2.396,2.717,0.200,0.200,0.300,2.000,0.500,1.300,12,0.25,12,0.25,16,0.20,0.18,2569-04-26 16:52:58
A3,A3_HCA_H4_fc240_t24,HCA,24,4.0,30.0,30.0,240,4000,5000,3985.94,964,1,2.865,2.270,3.062,0.200,0.200,0.300,2.000,0.700,1.100,12,0.25,16,0.25,12,0.15,0.18,2569-04-26 16:52:58
A3,A3_HCA_H4_fc240_t25,HCA,25,4.0,30.0,30.0,240,4000,5000,3975.51,2774,1,2.865,2.270,3.062,0.200,0.200,0.300,2.000,0.700,1.100,12,0.25,12,0.15,12,0.15,0.20,2569-04-26 16:52:59
A3,A3_HCA_H4_fc240_t26,HCA,26,4.0,30.0,30.0,240,4000,5000,3975.51,889,1,2.865,2.270,3.062,0.200,0.200,0.300,2.000,0.700,1.100,12,0.25,12,0.15,12,0.15,0.19,2569-04-26 16:52:59
A3,A3_HCA_H4_fc240_t27,HCA,27,4.0,30.0,30.0,240,4000,5000,3985.94,4312,1,2.865,2.270,3.062,0.200,0.200,0.300,2.000,0.700,1.100,12,0.25,16,0.25,12,0.15,0.19,2569-04-26 16:52:59
A3,A3_HCA_H4_fc240_t28,HCA,28,4.0,30.0,30.0,240,4000,5000,3975.51,2239,1,2.796,2.207,3.229,0.200,0.200,0.300,2.000,0.800,1.000,12,0.25,12,0.15,12,0.15,0.18,2569-04-26 16:52:59
A3,A3_HCA_H4_fc240_t29,HCA,29,4.0,30.0,30.0,240,4000,5000,3975.51,2585,1,2.865,2.270,3.062,0.200,0.200,0.300,2.000,0.700,1.100,12,0.25,12,0.15,12,0.15,0.20,2569-04-26 16:52:59
A3,A3_HCA_H4_fc240_t30,HCA,30,4.0,30.0,30.0,240,4000,5000,3975.51,3654,1,2.865,2.270,3.062,0.200,0.200,0.300,2.000,0.700,1.100,12,0.25,12,0.15,12,0.15,0.19,2569-04-26 16:53:00
A3,A3_BA_H4_fc280_t01,BA,1,4.0,30.0,30.0,280,4000,5000,4101.47,154,1,2.865,2.270,3.062,0.200,0.200,0.300,2.000,0.700,1.100,12,0.25,12,0.15,12,0.15,0.32,2569-04-26 16:53:00
A3,A3_BA_H4_fc280_t02,BA,2,4.0,30.0,30.0,280,4000,5000,4101.47,177,1,2.796,2.207,3.229,0.200,0.200,0.300,2.000,0.800,1.000,12,0.25,12,0.15,12,0.15,0.32,2569-04-26 16:53:00
A3,A3_BA_H4_fc280_t03,BA,3,4.0,30.0,30.0,280,4000,5000,4101.47,572,1,2.865,2.270,3.062,0.200,0.200,0.300,2.000,0.700,1.100,12,0.25,12,0.15,12,0.15,0.34,2569-04-26 16:53:01
A3,A3_BA_H4_fc280_t04,BA,4,4.0,30.0,30.0,280,4000,5000,4101.47,516,1,2.796,2.207,3.229,0.200,0.200,0.300,2.000,0.800,1.000,12,0.25,12,0.15,12,0.15,0.33,2569-04-26 16:53:01
A3,A3_BA_H4_fc280_t05,BA,5,4.0,30.0,30.0,280,4000,5000,4101.47,2269,1,2.796,2.207,3.229,0.200,0.200,0.300,2.000,0.800,1.000,12,0.25,12,0.15,12,0.15,0.33,2569-04-26 16:53:01
A3,A3_BA_H4_fc280_t06,BA,6,4.0,30.0,30.0,280,4000,5000,4101.47,248,1,2.865,2.270,3.062,0.200,0.200,0.300,2.000,0.700,1.100,12,0.25,12,0.15,12,0.15,0.33,2569-04-26 16:53:01
A3,A3_BA_H4_fc280_t07,BA,7,4.0,30.0,30.0,280,4000,5000,4101.47,348,1,2.865,2.270,3.062,0.200,0.200,0.300,2.000,0.700,1.100,12,0.25,12,0.15,12,0.15,0.33,2569-04-26 16:53:02
A3,A3_BA_H4_fc280_t08,BA,8,4.0,30.0,30.0,280,4000,5000,4101.47,391,1,2.796,2.207,3.229,0.200,0.200,0.300,2.000,0.800,1.000,12,0.25,12,0.15,12,0.15,0.32,2569-04-26 16:53:02
A3,A3_BA_H4_fc280_t09,BA,9,4.0,30.0,30.0,280,4000,5000,4101.47,1524,1,2.796,2.207,3.229,0.200,0.200,0.300,2.000,0.800,1.000,12,0.25,12,0.15,12,0.15,0.34,2569-04-26 16:53:02
A3,A3_BA_H4_fc280_t10,BA,10,4.0,30.0,30.0,280,4000,5000,4101.47,207,1,2.796,2.207,3.229,0.200,0.200,0.300,2.000,0.800,1.000,12,0.25,12,0.15,12,0.15,0.33,2569-04-26 16:53:03
A3,A3_BA_H4_fc280_t11,BA,11,4.0,30.0,30.0,280,4000,5000,4101.47,267,1,2.796,2.207,3.229,0.200,0.200,0.300,2.000,0.800,1.000,12,0.25,12,0.15,12,0.15,0.34,2569-04-26 16:53:03
A3,A3_BA_H4_fc280_t12,BA,12,4.0,30.0,30.0,280,4000,5000,4101.47,293,1,2.796,2.207,3.229,0.200,0.200,0.300,2.000,0.800,1.000,12,0.25,12,0.15,12,0.15,0.32,2569-04-26 16:53:03
A3,A3_BA_H4_fc280_t13,BA,13,4.0,30.0,30.0,280,4000,5000,4101.47,706,1,2.865,2.270,3.062,0.200,0.200,0.300,2.000,0.700,1.100,12,0.25,12,0.15,12,0.15,0.33,2569-04-26 16:53:04
A3,A3_BA_H4_fc280_t14,BA,14,4.0,30.0,30.0,280,4000,5000,4101.47,269,1,2.865,2.270,3.062,0.200,0.200,0.300,2.000,0.700,1.100,12,0.25,12,0.15,12,0.15,0.34,2569-04-26 16:53:04
A3,A3_BA_H4_fc280_t15,BA,15,4.0,30.0,30.0,280,4000,5000,4101.47,1091,1,2.796,2.207,3.229,0.200,0.200,0.300,2.000,0.800,1.000,12,0.25,12,0.15,12,0.15,0.33,2569-04-26 16:53:04
A3,A3_BA_H4_fc280_t16,BA,16,4.0,30.0,30.0,280,4000,5000,4101.47,674,1,2.865,2.270,3.062,0.200,0.200,0.300,2.000,0.700,1.100,12,0.25,12,0.15,12,0.15,0.33,2569-04-26 16:53:05
A3,A3_BA_H4_fc280_t17,BA,17,4.0,30.0,30.0,280,4000,5000,4267.51,1743,1,2.935,2.339,2.883,0.200,0.200,0.350,2.000,0.600,1.200,12,0.25,12,0.25,12,0.15,0.32,2569-04-26 16:53:05
A3,A3_BA_H4_fc280_t18,BA,18,4.0,30.0,30.0,280,4000,5000,4101.47,397,1,2.865,2.270,3.062,0.200,0.200,0.300,2.000,0.700,1.100,12,0.25,12,0.15,12,0.15,0.34,2569-04-26 16:53:05
A3,A3_BA_H4_fc280_t19,BA,19,4.0,30.0,30.0,280,4000,5000,4101.47,120,1,2.796,2.207,3.229,0.200,0.200,0.300,2.000,0.800,1.000,12,0.25,12,0.15,12,0.15,0.33,2569-04-26 16:53:06
A3,A3_BA_H4_fc280_t20,BA,20,4.0,30.0,30.0,280,4000,5000,4101.47,1200,1,2.796,2.207,3.229,0.200,0.200,0.300,2.000,0.800,1.000,12,0.25,12,0.15,12,0.15,0.35,2569-04-26 16:53:06
A3,A3_BA_H4_fc280_t21,BA,21,4.0,30.0,30.0,280,4000,5000,4101.47,538,1,2.796,2.207,3.229,0.200,0.200,0.300,2.000,0.800,1.000,12,0.25,12,0.15,12,0.15,0.32,2569-04-26 16:53:06
A3,A3_BA_H4_fc280_t22,BA,22,4.0,30.0,30.0,280,4000,5000,4101.47,163,1,2.865,2.270,3.062,0.200,0.200,0.300,2.000,0.700,1.100,12,0.25,12,0.15,12,0.15,0.34,2569-04-26 16:53:07
A3,A3_BA_H4_fc280_t23,BA,23,4.0,30.0,30.0,280,4000,5000,4101.47,339,1,2.796,2.207,3.229,0.200,0.200,0.300,2.000,0.800,1.000,12,0.25,12,0.15,12,0.15,0.33,2569-04-26 16:53:07
A3,A3_BA_H4_fc280_t24,BA,24,4.0,30.0,30.0,280,4000,5000,4101.47,468,1,2.796,2.207,3.229,0.200,0.200,0.300,2.000,0.800,1.000,12,0.25,12,0.15,12,0.15,0.33,2569-04-26 16:53:07
A3,A3_BA_H4_fc280_t25,BA,25,4.0,30.0,30.0,280,4000,5000,4101.47,2027,1,2.865,2.270,3.062,0.200,0.200,0.300,2.000,0.700,1.100,12,0.25,12,0.15,12,0.15,0.33,2569-04-26 16:53:08
A3,A3_BA_H4_fc280_t26,BA,26,4.0,30.0,30.0,280,4000,5000,4101.47,456,1,2.865,2.270,3.062,0.200,0.200,0.300,2.000,0.700,1.100,12,0.25,12,0.15,12,0.15,0.33,2569-04-26 16:53:08
A3,A3_BA_H4_fc280_t27,BA,27,4.0,30.0,30.0,280,4000,5000,4101.47,306,1,2.865,2.270,3.062,0.200,0.200,0.300,2.000,0.700,1.100,12,0.25,12,0.15,12,0.15,0.33,2569-04-26 16:53:08
A3,A3_BA_H4_fc280_t28,BA,28,4.0,30.0,30.0,280,4000,5000,4101.47,394,1,2.865,2.270,3.062,0.200,0.200,0.300,2.000,0.700,1.100,12,0.25,12,0.15,12,0.15,0.32,2569-04-26 16:53:09
A3,A3_BA_H4_fc280_t29,BA,29,4.0,30.0,30.0,280,4000,5000,4101.47,872,1,2.865,2.270,3.062,0.200,0.200,0.300,2.000,0.700,1.100,12,0.25,12,0.15,12,0.15,0.33,2569-04-26 16:53:09
A3,A3_BA_H4_fc280_t30,BA,30,4.0,30.0,30.0,280,4000,5000,4101.47,466,1,2.796,2.207,3.229,0.200,0.200,0.300,2.000,0.800,1.000,12,0.25,12,0.15,12,0.15,0.33,2569-04-26 16:53:09
A3,A3_HCA_H4_fc280_t01,HCA,1,4.0,30.0,30.0,280,4000,5000,4101.47,3992,1,2.796,2.207,3.229,0.200,0.200,0.300,2.000,0.800,1.000,12,0.25,12,0.15,12,0.15,0.19,2569-04-26 16:53:10
A3,A3_HCA_H4_fc280_t02,HCA,2,4.0,30.0,30.0,280,4000,5000,4101.47,1964,1,2.865,2.270,3.062,0.200,0.200,0.300,2.000,0.700,1.100,12,0.25,12,0.15,12,0.15,0.20,2569-04-26 16:53:10
A3,A3_HCA_H4_fc280_t03,HCA,3,4.0,30.0,30.0,280,4000,5000,4101.47,230,1,2.796,2.207,3.229,0.200,0.200,0.300,2.000,0.800,1.000,12,0.25,12,0.15,12,0.15,0.19,2569-04-26 16:53:10
A3,A3_HCA_H4_fc280_t04,HCA,4,4.0,30.0,30.0,280,4000,5000,4101.47,3476,1,2.796,2.207,3.229,0.200,0.200,0.300,2.000,0.800,1.000,12,0.25,12,0.15,12,0.15,0.19,2569-04-26 16:53:10
A3,A3_HCA_H4_fc280_t05,HCA,5,4.0,30.0,30.0,280,4000,5000,4101.47,3991,1,2.796,2.207,3.229,0.200,0.200,0.300,2.000,0.800,1.000,12,0.25,12,0.15,12,0.15,0.19,2569-04-26 16:53:10
A3,A3_HCA_H4_fc280_t06,HCA,6,4.0,30.0,30.0,280,4000,5000,4101.47,408,1,2.796,2.207,3.229,0.200,0.200,0.300,2.000,0.800,1.000,12,0.25,12,0.15,12,0.15,0.19,2569-04-26 16:53:11
A3,A3_HCA_H4_fc280_t07,HCA,7,4.0,30.0,30.0,280,4000,5000,4101.47,833,1,2.796,2.207,3.229,0.200,0.200,0.300,2.000,0.800,1.000,12,0.25,12,0.15,12,0.15,0.20,2569-04-26 16:53:11
A3,A3_HCA_H4_fc280_t08,HCA,8,4.0,30.0,30.0,280,4000,5000,4150.04,4908,1,2.972,2.396,2.717,0.200,0.200,0.300,2.000,0.500,1.300,12,0.25,12,0.20,16,0.20,0.18,2569-04-26 16:53:11
A3,A3_HCA_H4_fc280_t09,HCA,9,4.0,30.0,30.0,280,4000,5000,4111.90,1739,1,2.865,2.270,3.062,0.200,0.200,0.300,2.000,0.700,1.100,12,0.25,16,0.25,12,0.15,0.20,2569-04-26 16:53:11
A3,A3_HCA_H4_fc280_t10,HCA,10,4.0,30.0,30.0,280,4000,5000,4101.47,2798,1,2.865,2.270,3.062,0.200,0.200,0.300,2.000,0.700,1.100,12,0.25,12,0.15,12,0.15,0.19,2569-04-26 16:53:11
A3,A3_HCA_H4_fc280_t11,HCA,11,4.0,30.0,30.0,280,4000,5000,4111.90,3472,1,2.865,2.270,3.062,0.200,0.200,0.300,2.000,0.700,1.100,12,0.25,16,0.25,12,0.15,0.19,2569-04-26 16:53:12
A3,A3_HCA_H4_fc280_t12,HCA,12,4.0,30.0,30.0,280,4000,5000,4101.47,3914,1,2.865,2.270,3.062,0.200,0.200,0.300,2.000,0.700,1.100,12,0.25,12,0.15,12,0.15,0.20,2569-04-26 16:53:12
A3,A3_HCA_H4_fc280_t13,HCA,13,4.0,30.0,30.0,280,4000,5000,4115.69,954,1,2.865,2.270,3.062,0.200,0.200,0.300,2.000,0.700,1.100,12,0.25,12,0.15,16,0.25,0.18,2569-04-26 16:53:12
A3,A3_HCA_H4_fc280_t14,HCA,14,4.0,30.0,30.0,280,4000,5000,4101.47,4237,1,2.796,2.207,3.229,0.200,0.200,0.300,2.000,0.800,1.000,12,0.25,12,0.15,12,0.15,0.20,2569-04-26 16:53:12
A3,A3_HCA_H4_fc280_t15,HCA,15,4.0,30.0,30.0,280,4000,5000,4101.47,3220,1,2.796,2.207,3.229,0.200,0.200,0.300,2.000,0.800,1.000,12,0.25,12,0.15,12,0.15,0.19,2569-04-26 16:53:12
A3,A3_HCA_H4_fc280_t16,HCA,16,4.0,30.0,30.0,280,4000,5000,4101.47,4074,1,2.796,2.207,3.229,0.200,0.200,0.300,2.000,0.800,1.000,12,0.25,12,0.15,12,0.15,0.18,2569-04-26 16:53:13
A3,A3_HCA_H4_fc280_t17,HCA,17,4.0,30.0,30.0,280,4000,5000,4101.47,297,1,2.865,2.270,3.062,0.200,0.200,0.300,2.000,0.700,1.100,12,0.25,12,0.15,12,0.15,0.18,2569-04-26 16:53:13
A3,A3_HCA_H4_fc280_t18,HCA,18,4.0,30.0,30.0,280,4000,5000,4101.47,3886,1,2.796,2.207,3.229,0.200,0.200,0.300,2.000,0.800,1.000,12,0.25,12,0.15,12,0.15,0.19,2569-04-26 16:53:13
A3,A3_HCA_H4_fc280_t19,HCA,19,4.0,30.0,30.0,280,4000,5000,4101.47,4823,1,2.796,2.207,3.229,0.200,0.200,0.300,2.000,0.800,1.000,12,0.25,12,0.15,12,0.15,0.18,2569-04-26 16:53:13
A3,A3_HCA_H4_fc280_t20,HCA,20,4.0,30.0,30.0,280,4000,5000,4101.47,1800,1,2.796,2.207,3.229,0.200,0.200,0.300,2.000,0.800,1.000,12,0.25,12,0.15,12,0.15,0.21,2569-04-26 16:53:13
A3,A3_HCA_H4_fc280_t21,HCA,21,4.0,30.0,30.0,280,4000,5000,4101.47,2054,1,2.796,2.207,3.229,0.200,0.200,0.300,2.000,0.800,1.000,12,0.25,12,0.15,12,0.15,0.19,2569-04-26 16:53:13
A3,A3_HCA_H4_fc280_t22,HCA,22,4.0,30.0,30.0,280,4000,5000,4111.90,1921,1,2.865,2.270,3.062,0.200,0.200,0.300,2.000,0.700,1.100,12,0.25,16,0.25,12,0.15,0.19,2569-04-26 16:53:14
A3,A3_HCA_H4_fc280_t23,HCA,23,4.0,30.0,30.0,280,4000,5000,4101.47,1460,1,2.796,2.207,3.229,0.200,0.200,0.300,2.000,0.800,1.000,12,0.25,12,0.15,12,0.15,0.20,2569-04-26 16:53:14
A3,A3_HCA_H4_fc280_t24,HCA,24,4.0,30.0,30.0,280,4000,5000,4101.47,4461,1,2.796,2.207,3.229,0.200,0.200,0.300,2.000,0.800,1.000,12,0.25,12,0.15,12,0.15,0.21,2569-04-26 16:53:14
A3,A3_HCA_H4_fc280_t25,HCA,25,4.0,30.0,30.0,280,4000,5000,4101.47,778,1,2.865,2.270,3.062,0.200,0.200,0.300,2.000,0.700,1.100,12,0.25,12,0.15,12,0.15,0.18,2569-04-26 16:53:14
A3,A3_HCA_H4_fc280_t26,HCA,26,4.0,30.0,30.0,280,4000,5000,4101.47,2342,1,2.796,2.207,3.229,0.200,0.200,0.300,2.000,0.800,1.000,12,0.25,12,0.15,12,0.15,0.20,2569-04-26 16:53:14
A3,A3_HCA_H4_fc280_t27,HCA,27,4.0,30.0,30.0,280,4000,5000,4101.47,1696,1,2.865,2.270,3.062,0.200,0.200,0.300,2.000,0.700,1.100,12,0.25,12,0.15,12,0.15,0.19,2569-04-26 16:53:15
A3,A3_HCA_H4_fc280_t28,HCA,28,4.0,30.0,30.0,280,4000,5000,4101.47,706,1,2.865,2.270,3.062,0.200,0.200,0.300,2.000,0.700,1.100,12,0.25,12,0.15,12,0.15,0.21,2569-04-26 16:53:15
A3,A3_HCA_H4_fc280_t29,HCA,29,4.0,30.0,30.0,280,4000,5000,4114.74,2571,1,2.796,2.207,3.229,0.200,0.200,0.300,2.000,0.800,1.000,12,0.25,12,0.15,16,0.25,0.20,2569-04-26 16:53:15
A3,A3_HCA_H4_fc280_t30,HCA,30,4.0,30.0,30.0,280,4000,5000,4101.47,719,1,2.796,2.207,3.229,0.200,0.200,0.300,2.000,0.800,1.000,12,0.25,12,0.15,12,0.15,0.19,2569-04-26 16:53:15
A3,A3_BA_H4_fc320_t01,BA,1,4.0,30.0,30.0,320,4000,5000,4226.09,442,1,2.796,2.207,3.229,0.200,0.200,0.300,2.000,0.800,1.000,12,0.25,12,0.15,12,0.15,0.34,2569-04-26 16:53:16
A3,A3_BA_H4_fc320_t02,BA,2,4.0,30.0,30.0,320,4000,5000,4226.09,267,1,2.796,2.207,3.229,0.200,0.200,0.300,2.000,0.800,1.000,12,0.25,12,0.15,12,0.15,0.32,2569-04-26 16:53:16
A3,A3_BA_H4_fc320_t03,BA,3,4.0,30.0,30.0,320,4000,5000,4226.09,665,1,2.796,2.207,3.229,0.200,0.200,0.300,2.000,0.800,1.000,12,0.25,12,0.15,12,0.15,0.33,2569-04-26 16:53:16
A3,A3_BA_H4_fc320_t04,BA,4,4.0,30.0,30.0,320,4000,5000,4226.09,911,1,2.796,2.207,3.229,0.200,0.200,0.300,2.000,0.800,1.000,12,0.25,12,0.15,12,0.15,0.34,2569-04-26 16:53:17
A3,A3_BA_H4_fc320_t05,BA,5,4.0,30.0,30.0,320,4000,5000,4226.09,494,1,2.865,2.270,3.062,0.200,0.200,0.300,2.000,0.700,1.100,12,0.25,12,0.15,12,0.15,0.34,2569-04-26 16:53:17
A3,A3_BA_H4_fc320_t06,BA,6,4.0,30.0,30.0,320,4000,5000,4226.09,1520,1,2.796,2.207,3.229,0.200,0.200,0.300,2.000,0.800,1.000,12,0.25,12,0.15,12,0.15,0.35,2569-04-26 16:53:17
A3,A3_BA_H4_fc320_t07,BA,7,4.0,30.0,30.0,320,4000,5000,4226.09,492,1,2.865,2.270,3.062,0.200,0.200,0.300,2.000,0.700,1.100,12,0.25,12,0.15,12,0.15,0.34,2569-04-26 16:53:18
A3,A3_BA_H4_fc320_t08,BA,8,4.0,30.0,30.0,320,4000,5000,4226.09,398,1,2.796,2.207,3.229,0.200,0.200,0.300,2.000,0.800,1.000,12,0.25,12,0.15,12,0.15,0.33,2569-04-26 16:53:18
A3,A3_BA_H4_fc320_t09,BA,9,4.0,30.0,30.0,320,4000,5000,4226.09,470,1,2.796,2.207,3.229,0.200,0.200,0.300,2.000,0.800,1.000,12,0.25,12,0.15,12,0.15,0.33,2569-04-26 16:53:18
A3,A3_BA_H4_fc320_t10,BA,10,4.0,30.0,30.0,320,4000,5000,4226.09,177,1,2.865,2.270,3.062,0.200,0.200,0.300,2.000,0.700,1.100,12,0.25,12,0.15,12,0.15,0.33,2569-04-26 16:53:19
A3,A3_BA_H4_fc320_t11,BA,11,4.0,30.0,30.0,320,4000,5000,4226.09,3746,1,2.865,2.270,3.062,0.200,0.200,0.300,2.000,0.700,1.100,12,0.25,12,0.15,12,0.15,0.33,2569-04-26 16:53:19
A3,A3_BA_H4_fc320_t12,BA,12,4.0,30.0,30.0,320,4000,5000,4226.09,1225,1,2.796,2.207,3.229,0.200,0.200,0.300,2.000,0.800,1.000,12,0.25,12,0.15,12,0.15,0.32,2569-04-26 16:53:19
A3,A3_BA_H4_fc320_t13,BA,13,4.0,30.0,30.0,320,4000,5000,4226.09,232,1,2.865,2.270,3.062,0.200,0.200,0.300,2.000,0.700,1.100,12,0.25,12,0.15,12,0.15,0.32,2569-04-26 16:53:20
A3,A3_BA_H4_fc320_t14,BA,14,4.0,30.0,30.0,320,4000,5000,4226.09,312,1,2.865,2.270,3.062,0.200,0.200,0.300,2.000,0.700,1.100,12,0.25,12,0.15,12,0.15,0.34,2569-04-26 16:53:20
A3,A3_BA_H4_fc320_t15,BA,15,4.0,30.0,30.0,320,4000,5000,4226.09,67,1,2.865,2.270,3.062,0.200,0.200,0.300,2.000,0.700,1.100,12,0.25,12,0.15,12,0.15,0.32,2569-04-26 16:53:20
A3,A3_BA_H4_fc320_t16,BA,16,4.0,30.0,30.0,320,4000,5000,4226.09,502,1,2.796,2.207,3.229,0.200,0.200,0.300,2.000,0.800,1.000,12,0.25,12,0.15,12,0.15,0.33,2569-04-26 16:53:21
A3,A3_BA_H4_fc320_t17,BA,17,4.0,30.0,30.0,320,4000,5000,4226.09,564,1,2.796,2.207,3.229,0.200,0.200,0.300,2.000,0.800,1.000,12,0.25,12,0.15,12,0.15,0.31,2569-04-26 16:53:21
A3,A3_BA_H4_fc320_t18,BA,18,4.0,30.0,30.0,320,4000,5000,4226.09,1085,1,2.796,2.207,3.229,0.200,0.200,0.300,2.000,0.800,1.000,12,0.25,12,0.15,12,0.15,0.33,2569-04-26 16:53:21
A3,A3_BA_H4_fc320_t19,BA,19,4.0,30.0,30.0,320,4000,5000,4226.09,501,1,2.796,2.207,3.229,0.200,0.200,0.300,2.000,0.800,1.000,12,0.25,12,0.15,12,0.15,0.33,2569-04-26 16:53:22
A3,A3_BA_H4_fc320_t20,BA,20,4.0,30.0,30.0,320,4000,5000,4226.09,514,1,2.796,2.207,3.229,0.200,0.200,0.300,2.000,0.800,1.000,12,0.25,12,0.15,12,0.15,0.34,2569-04-26 16:53:22
A3,A3_BA_H4_fc320_t21,BA,21,4.0,30.0,30.0,320,4000,5000,4226.09,1482,1,2.796,2.207,3.229,0.200,0.200,0.300,2.000,0.800,1.000,12,0.25,12,0.15,12,0.15,0.32,2569-04-26 16:53:22
A3,A3_BA_H4_fc320_t22,BA,22,4.0,30.0,30.0,320,4000,5000,4226.09,1344,1,2.796,2.207,3.229,0.200,0.200,0.300,2.000,0.800,1.000,12,0.25,12,0.15,12,0.15,0.32,2569-04-26 16:53:23
A3,A3_BA_H4_fc320_t23,BA,23,4.0,30.0,30.0,320,4000,5000,4226.09,246,1,2.796,2.207,3.229,0.200,0.200,0.300,2.000,0.800,1.000,12,0.25,12,0.15,12,0.15,0.32,2569-04-26 16:53:23
A3,A3_BA_H4_fc320_t24,BA,24,4.0,30.0,30.0,320,4000,5000,4226.09,170,1,2.796,2.207,3.229,0.200,0.200,0.300,2.000,0.800,1.000,12,0.25,12,0.15,12,0.15,0.32,2569-04-26 16:53:23
A3,A3_BA_H4_fc320_t25,BA,25,4.0,30.0,30.0,320,4000,5000,4226.09,368,1,2.865,2.270,3.062,0.200,0.200,0.300,2.000,0.700,1.100,12,0.25,12,0.15,12,0.15,0.34,2569-04-26 16:53:24
A3,A3_BA_H4_fc320_t26,BA,26,4.0,30.0,30.0,320,4000,5000,4226.09,322,1,2.796,2.207,3.229,0.200,0.200,0.300,2.000,0.800,1.000,12,0.25,12,0.15,12,0.15,0.31,2569-04-26 16:53:24
A3,A3_BA_H4_fc320_t27,BA,27,4.0,30.0,30.0,320,4000,5000,4226.09,644,1,2.796,2.207,3.229,0.200,0.200,0.300,2.000,0.800,1.000,12,0.25,12,0.15,12,0.15,0.32,2569-04-26 16:53:24
A3,A3_BA_H4_fc320_t28,BA,28,4.0,30.0,30.0,320,4000,5000,4226.09,913,1,2.865,2.270,3.062,0.200,0.200,0.300,2.000,0.700,1.100,12,0.25,12,0.15,12,0.15,0.33,2569-04-26 16:53:24
A3,A3_BA_H4_fc320_t29,BA,29,4.0,30.0,30.0,320,4000,5000,4226.09,1235,1,2.865,2.270,3.062,0.200,0.200,0.300,2.000,0.700,1.100,12,0.25,12,0.15,12,0.15,0.34,2569-04-26 16:53:25
A3,A3_BA_H4_fc320_t30,BA,30,4.0,30.0,30.0,320,4000,5000,4226.09,383,1,2.865,2.270,3.062,0.200,0.200,0.300,2.000,0.700,1.100,12,0.25,12,0.15,12,0.15,0.36,2569-04-26 16:53:25
A3,A3_HCA_H4_fc320_t01,HCA,1,4.0,30.0,30.0,320,4000,5000,4226.09,1921,1,2.796,2.207,3.229,0.200,0.200,0.300,2.000,0.800,1.000,12,0.25,12,0.15,12,0.15,0.20,2569-04-26 16:53:25
A3,A3_HCA_H4_fc320_t02,HCA,2,4.0,30.0,30.0,320,4000,5000,4226.09,3612,1,2.865,2.270,3.062,0.200,0.200,0.300,2.000,0.700,1.100,12,0.25,12,0.15,12,0.15,0.19,2569-04-26 16:53:26
A3,A3_HCA_H4_fc320_t03,HCA,3,4.0,30.0,30.0,320,4000,5000,4226.09,2181,1,2.865,2.270,3.062,0.200,0.200,0.300,2.000,0.700,1.100,12,0.25,12,0.15,12,0.15,0.19,2569-04-26 16:53:26
A3,A3_HCA_H4_fc320_t04,HCA,4,4.0,30.0,30.0,320,4000,5000,4226.09,2608,1,2.796,2.207,3.229,0.200,0.200,0.300,2.000,0.800,1.000,12,0.25,12,0.15,12,0.15,0.20,2569-04-26 16:53:26
A3,A3_HCA_H4_fc320_t05,HCA,5,4.0,30.0,30.0,320,4000,5000,4226.09,320,1,2.796,2.207,3.229,0.200,0.200,0.300,2.000,0.800,1.000,12,0.25,12,0.15,12,0.15,0.18,2569-04-26 16:53:26
A3,A3_HCA_H4_fc320_t06,HCA,6,4.0,30.0,30.0,320,4000,5000,4226.09,1679,1,2.796,2.207,3.229,0.200,0.200,0.300,2.000,0.800,1.000,12,0.25,12,0.15,12,0.15,0.18,2569-04-26 16:53:26
A3,A3_HCA_H4_fc320_t07,HCA,7,4.0,30.0,30.0,320,4000,5000,4226.09,1803,1,2.796,2.207,3.229,0.200,0.200,0.300,2.000,0.800,1.000,12,0.25,12,0.15,12,0.15,0.19,2569-04-26 16:53:27
A3,A3_HCA_H4_fc320_t08,HCA,8,4.0,30.0,30.0,320,4000,5000,4236.52,2300,1,2.865,2.270,3.062,0.200,0.200,0.300,2.000,0.700,1.100,12,0.25,16,0.25,12,0.15,0.18,2569-04-26 16:53:27
A3,A3_HCA_H4_fc320_t09,HCA,9,4.0,30.0,30.0,320,4000,5000,4226.09,4373,1,2.796,2.207,3.229,0.200,0.200,0.300,2.000,0.800,1.000,12,0.25,12,0.15,12,0.15,0.19,2569-04-26 16:53:27
A3,A3_HCA_H4_fc320_t10,HCA,10,4.0,30.0,30.0,320,4000,5000,4226.09,1642,1,2.796,2.207,3.229,0.200,0.200,0.300,2.000,0.800,1.000,12,0.25,12,0.15,12,0.15,0.18,2569-04-26 16:53:27
A3,A3_HCA_H4_fc320_t11,HCA,11,4.0,30.0,30.0,320,4000,5000,4236.52,1727,1,2.865,2.270,3.062,0.200,0.200,0.300,2.000,0.700,1.100,12,0.25,16,0.25,12,0.15,0.20,2569-04-26 16:53:27
A3,A3_HCA_H4_fc320_t12,HCA,12,4.0,30.0,30.0,320,4000,5000,4226.09,928,1,2.796,2.207,3.229,0.200,0.200,0.300,2.000,0.800,1.000,12,0.25,12,0.15,12,0.15,0.19,2569-04-26 16:53:27
A3,A3_HCA_H4_fc320_t13,HCA,13,4.0,30.0,30.0,320,4000,5000,4226.09,2823,1,2.865,2.270,3.062,0.200,0.200,0.300,2.000,0.700,1.100,12,0.25,12,0.15,12,0.15,0.19,2569-04-26 16:53:28
A3,A3_HCA_H4_fc320_t14,HCA,14,4.0,30.0,30.0,320,4000,5000,4226.09,2211,1,2.796,2.207,3.229,0.200,0.200,0.300,2.000,0.800,1.000,12,0.25,12,0.15,12,0.15,0.19,2569-04-26 16:53:28
A3,A3_HCA_H4_fc320_t15,HCA,15,4.0,30.0,30.0,320,4000,5000,4226.09,2398,1,2.865,2.270,3.062,0.200,0.200,0.300,2.000,0.700,1.100,12,0.25,12,0.15,12,0.15,0.21,2569-04-26 16:53:28
A3,A3_HCA_H4_fc320_t16,HCA,16,4.0,30.0,30.0,320,4000,5000,4226.09,463,1,2.865,2.270,3.062,0.200,0.200,0.300,2.000,0.700,1.100,12,0.25,12,0.15,12,0.15,0.18,2569-04-26 16:53:28
A3,A3_HCA_H4_fc320_t17,HCA,17,4.0,30.0,30.0,320,4000,5000,4226.09,3964,1,2.796,2.207,3.229,0.200,0.200,0.300,2.000,0.800,1.000,12,0.25,12,0.15,12,0.15,0.20,2569-04-26 16:53:28
A3,A3_HCA_H4_fc320_t18,HCA,18,4.0,30.0,30.0,320,4000,5000,4226.09,459,1,2.865,2.270,3.062,0.200,0.200,0.300,2.000,0.700,1.100,12,0.25,12,0.15,12,0.15,0.20,2569-04-26 16:53:29
A3,A3_HCA_H4_fc320_t19,HCA,19,4.0,30.0,30.0,320,4000,5000,4226.09,1216,1,2.865,2.270,3.062,0.200,0.200,0.300,2.000,0.700,1.100,12,0.25,12,0.15,12,0.15,0.20,2569-04-26 16:53:29
A3,A3_HCA_H4_fc320_t20,HCA,20,4.0,30.0,30.0,320,4000,5000,4226.09,3194,1,2.796,2.207,3.229,0.200,0.200,0.300,2.000,0.800,1.000,12,0.25,12,0.15,12,0.15,0.20,2569-04-26 16:53:29
A3,A3_HCA_H4_fc320_t21,HCA,21,4.0,30.0,30.0,320,4000,5000,4226.09,4490,1,2.796,2.207,3.229,0.200,0.200,0.300,2.000,0.800,1.000,12,0.25,12,0.15,12,0.15,0.20,2569-04-26 16:53:29
A3,A3_HCA_H4_fc320_t22,HCA,22,4.0,30.0,30.0,320,4000,5000,4239.36,1817,1,2.796,2.207,3.229,0.200,0.200,0.300,2.000,0.800,1.000,12,0.25,12,0.15,16,0.25,0.19,2569-04-26 16:53:29
A3,A3_HCA_H4_fc320_t23,HCA,23,4.0,30.0,30.0,320,4000,5000,4226.09,376,1,2.796,2.207,3.229,0.200,0.200,0.300,2.000,0.800,1.000,12,0.25,12,0.15,12,0.15,0.17,2569-04-26 16:53:30
A3,A3_HCA_H4_fc320_t24,HCA,24,4.0,30.0,30.0,320,4000,5000,4226.09,2265,1,2.796,2.207,3.229,0.200,0.200,0.300,2.000,0.800,1.000,12,0.25,12,0.15,12,0.15,0.19,2569-04-26 16:53:30
A3,A3_HCA_H4_fc320_t25,HCA,25,4.0,30.0,30.0,320,4000,5000,4226.09,956,1,2.796,2.207,3.229,0.200,0.200,0.300,2.000,0.800,1.000,12,0.25,12,0.15,12,0.15,0.19,2569-04-26 16:53:30
A3,A3_HCA_H4_fc320_t26,HCA,26,4.0,30.0,30.0,320,4000,5000,4226.09,301,1,2.796,2.207,3.229,0.200,0.200,0.300,2.000,0.800,1.000,12,0.25,12,0.15,12,0.15,0.19,2569-04-26 16:53:30
A3,A3_HCA_H4_fc320_t27,HCA,27,4.0,30.0,30.0,320,4000,5000,4226.09,1692,1,2.796,2.207,3.229,0.200,0.200,0.300,2.000,0.800,1.000,12,0.25,12,0.15,12,0.15,0.18,2569-04-26 16:53:30
A3,A3_HCA_H4_fc320_t28,HCA,28,4.0,30.0,30.0,320,4000,5000,4226.09,2997,1,2.865,2.270,3.062,0.200,0.200,0.300,2.000,0.700,1.100,12,0.25,12,0.15,12,0.15,0.20,2569-04-26 16:53:31
A3,A3_HCA_H4_fc320_t29,HCA,29,4.0,30.0,30.0,320,4000,5000,4226.09,1005,1,2.796,2.207,3.229,0.200,0.200,0.300,2.000,0.800,1.000,12,0.25,12,0.15,12,0.15,0.18,2569-04-26 16:53:31
A3,A3_HCA_H4_fc320_t30,HCA,30,4.0,30.0,30.0,320,4000,5000,4255.47,4605,1,2.972,2.396,2.717,0.200,0.200,0.300,2.000,0.500,1.300,12,0.25,12,0.25,16,0.20,0.18,2569-04-26 16:53:31
A3,A3_BA_H5_fc240_t01,BA,1,5.0,30.0,30.0,240,4000,5000,5459.80,518,1,2.365,1.852,2.432,0.200,0.200,0.300,2.500,1.000,1.300,12,0.25,20,0.20,20,0.20,0.34,2569-04-26 16:53:31
A3,A3_BA_H5_fc240_t02,BA,2,5.0,30.0,30.0,240,4000,5000,5529.39,239,1,2.468,1.962,2.231,0.200,0.200,0.300,2.500,0.800,1.500,12,0.25,20,0.25,25,0.25,0.33,2569-04-26 16:53:32
A3,A3_BA_H5_fc240_t03,BA,3,5.0,30.0,30.0,240,4000,5000,5459.80,2548,1,2.365,1.852,2.432,0.200,0.200,0.300,2.500,1.000,1.300,12,0.25,20,0.20,20,0.20,0.33,2569-04-26 16:53:32
A3,A3_BA_H5_fc240_t04,BA,4,5.0,30.0,30.0,240,4000,5000,5459.80,163,1,2.365,1.852,2.432,0.200,0.200,0.300,2.500,1.000,1.300,12,0.25,20,0.20,20,0.20,0.34,2569-04-26 16:53:32
A3,A3_BA_H5_fc240_t05,BA,5,5.0,30.0,30.0,240,4000,5000,5459.80,258,1,2.365,1.852,2.432,0.200,0.200,0.300,2.500,1.000,1.300,12,0.25,20,0.20,20,0.20,0.32,2569-04-26 16:53:33
A3,A3_BA_H5_fc240_t06,BA,6,5.0,30.0,30.0,240,4000,5000,5459.80,4722,1,2.365,1.852,2.432,0.200,0.200,0.300,2.500,1.000,1.300,12,0.25,20,0.20,20,0.20,0.33,2569-04-26 16:53:33
A3,A3_BA_H5_fc240_t07,BA,7,5.0,30.0,30.0,240,4000,5000,5459.80,1124,1,2.365,1.852,2.432,0.200,0.200,0.300,2.500,1.000,1.300,12,0.25,20,0.20,20,0.20,0.33,2569-04-26 16:53:33
A3,A3_BA_H5_fc240_t08,BA,8,5.0,30.0,30.0,240,4000,5000,5500.96,326,1,2.468,1.962,2.231,0.200,0.200,0.300,2.500,0.800,1.500,12,0.25,12,0.10,25,0.25,0.33,2569-04-26 16:53:34
A3,A3_BA_H5_fc240_t09,BA,9,5.0,30.0,30.0,240,4000,5000,5517.84,832,1,2.468,1.962,2.231,0.200,0.200,0.300,2.500,0.800,1.500,12,0.25,12,0.10,16,0.10,0.32,2569-04-26 16:53:34
A3,A3_BA_H5_fc240_t10,BA,10,5.0,30.0,30.0,240,4000,5000,5459.80,2027,1,2.365,1.852,2.432,0.200,0.200,0.300,2.500,1.000,1.300,12,0.25,20,0.20,20,0.20,0.33,2569-04-26 16:53:34
A3,A3_BA_H5_fc240_t11,BA,11,5.0,30.0,30.0,240,4000,5000,5578.21,2525,1,2.373,1.858,2.427,0.200,0.200,0.350,2.500,1.000,1.300,12,0.25,20,0.25,16,0.15,0.33,2569-04-26 16:53:35
A3,A3_BA_H5_fc240_t12,BA,12,5.0,30.0,30.0,240,4000,5000,5500.96,325,1,2.468,1.962,2.231,0.200,0.200,0.300,2.500,0.800,1.500,12,0.25,12,0.10,25,0.25,0.32,2569-04-26 16:53:35
A3,A3_BA_H5_fc240_t13,BA,13,5.0,30.0,30.0,240,4000,5000,5517.84,2223,1,2.468,1.962,2.231,0.200,0.200,0.300,2.500,0.800,1.500,12,0.25,12,0.10,16,0.10,0.32,2569-04-26 16:53:35
A3,A3_BA_H5_fc240_t14,BA,14,5.0,30.0,30.0,240,4000,5000,5459.80,4856,1,2.365,1.852,2.432,0.200,0.200,0.300,2.500,1.000,1.300,12,0.25,20,0.20,20,0.20,0.35,2569-04-26 16:53:36
A3,A3_BA_H5_fc240_t15,BA,15,5.0,30.0,30.0,240,4000,5000,5459.80,4427,1,2.365,1.852,2.432,0.200,0.200,0.300,2.500,1.000,1.300,12,0.25,20,0.20,20,0.20,0.33,2569-04-26 16:53:36
A3,A3_BA_H5_fc240_t16,BA,16,5.0,30.0,30.0,240,4000,5000,5459.80,4776,1,2.365,1.852,2.432,0.200,0.200,0.300,2.500,1.000,1.300,12,0.25,20,0.20,20,0.20,0.33,2569-04-26 16:53:36
A3,A3_BA_H5_fc240_t17,BA,17,5.0,30.0,30.0,240,4000,5000,5578.21,3358,1,2.373,1.858,2.427,0.200,0.200,0.350,2.500,1.000,1.300,12,0.25,20,0.25,16,0.15,0.34,2569-04-26 16:53:37
A3,A3_BA_H5_fc240_t18,BA,18,5.0,30.0,30.0,240,4000,5000,5517.84,435,1,2.468,1.962,2.231,0.200,0.200,0.300,2.500,0.800,1.500,12,0.25,12,0.10,16,0.10,0.33,2569-04-26 16:53:37
A3,A3_BA_H5_fc240_t19,BA,19,5.0,30.0,30.0,240,4000,5000,5459.80,3830,1,2.365,1.852,2.432,0.200,0.200,0.300,2.500,1.000,1.300,12,0.25,20,0.20,20,0.20,0.34,2569-04-26 16:53:37
A3,A3_BA_H5_fc240_t20,BA,20,5.0,30.0,30.0,240,4000,5000,5517.84,2824,1,2.468,1.962,2.231,0.200,0.200,0.300,2.500,0.800,1.500,12,0.25,12,0.10,16,0.10,0.34,2569-04-26 16:53:38
A3,A3_BA_H5_fc240_t21,BA,21,5.0,30.0,30.0,240,4000,5000,5459.80,4594,1,2.365,1.852,2.432,0.200,0.200,0.300,2.500,1.000,1.300,12,0.25,20,0.20,20,0.20,0.33,2569-04-26 16:53:38
A3,A3_BA_H5_fc240_t22,BA,22,5.0,30.0,30.0,240,4000,5000,5459.80,3958,1,2.365,1.852,2.432,0.200,0.200,0.300,2.500,1.000,1.300,12,0.25,20,0.20,20,0.20,0.32,2569-04-26 16:53:38
A3,A3_BA_H5_fc240_t23,BA,23,5.0,30.0,30.0,240,4000,5000,5459.80,2273,1,2.365,1.852,2.432,0.200,0.200,0.300,2.500,1.000,1.300,12,0.25,20,0.20,20,0.20,0.34,2569-04-26 16:53:39
A3,A3_BA_H5_fc240_t24,BA,24,5.0,30.0,30.0,240,4000,5000,5517.84,211,1,2.468,1.962,2.231,0.200,0.200,0.300,2.500,0.800,1.500,12,0.25,12,0.10,16,0.10,0.33,2569-04-26 16:53:39
A3,A3_BA_H5_fc240_t25,BA,25,5.0,30.0,30.0,240,4000,5000,5529.39,486,1,2.468,1.962,2.231,0.200,0.200,0.300,2.500,0.800,1.500,12,0.25,20,0.25,25,0.25,0.33,2569-04-26 16:53:39
A3,A3_BA_H5_fc240_t26,BA,26,5.0,30.0,30.0,240,4000,5000,5529.39,1886,1,2.468,1.962,2.231,0.200,0.200,0.300,2.500,0.800,1.500,12,0.25,20,0.25,25,0.25,0.35,2569-04-26 16:53:40
A3,A3_BA_H5_fc240_t27,BA,27,5.0,30.0,30.0,240,4000,5000,5459.80,962,1,2.365,1.852,2.432,0.200,0.200,0.300,2.500,1.000,1.300,12,0.25,20,0.20,20,0.20,0.33,2569-04-26 16:53:40
A3,A3_BA_H5_fc240_t28,BA,28,5.0,30.0,30.0,240,4000,5000,5529.39,948,1,2.468,1.962,2.231,0.200,0.200,0.300,2.500,0.800,1.500,12,0.25,20,0.25,25,0.25,0.31,2569-04-26 16:53:40
A3,A3_BA_H5_fc240_t29,BA,29,5.0,30.0,30.0,240,4000,5000,5539.96,4793,1,2.509,2.016,2.127,0.200,0.200,0.300,2.500,0.700,1.600,12,0.25,16,0.20,20,0.15,0.33,2569-04-26 16:53:41
A3,A3_BA_H5_fc240_t30,BA,30,5.0,30.0,30.0,240,4000,5000,5459.80,1460,1,2.365,1.852,2.432,0.200,0.200,0.300,2.500,1.000,1.300,12,0.25,20,0.20,20,0.20,0.34,2569-04-26 16:53:41
A3,A3_HCA_H5_fc240_t01,HCA,1,5.0,30.0,30.0,240,4000,5000,5517.84,1851,1,2.468,1.962,2.231,0.200,0.200,0.300,2.500,0.800,1.500,12,0.25,12,0.10,16,0.10,0.20,2569-04-26 16:53:41
A3,A3_HCA_H5_fc240_t02,HCA,2,5.0,30.0,30.0,240,4000,5000,5529.39,1150,1,2.468,1.962,2.231,0.200,0.200,0.300,2.500,0.800,1.500,12,0.25,20,0.25,25,0.25,0.17,2569-04-26 16:53:41
A3,A3_HCA_H5_fc240_t03,HCA,3,5.0,30.0,30.0,240,4000,5000,5529.39,87,1,2.468,1.962,2.231,0.200,0.200,0.300,2.500,0.800,1.500,12,0.25,20,0.25,25,0.25,0.19,2569-04-26 16:53:41
A3,A3_HCA_H5_fc240_t04,HCA,4,5.0,30.0,30.0,240,4000,5000,5517.84,3751,1,2.468,1.962,2.231,0.200,0.200,0.300,2.500,0.800,1.500,12,0.25,12,0.10,16,0.10,0.19,2569-04-26 16:53:42
A3,A3_HCA_H5_fc240_t05,HCA,5,5.0,30.0,30.0,240,4000,5000,5517.84,1847,1,2.468,1.962,2.231,0.200,0.200,0.300,2.500,0.800,1.500,12,0.25,12,0.10,16,0.10,0.18,2569-04-26 16:53:42
A3,A3_HCA_H5_fc240_t06,HCA,6,5.0,30.0,30.0,240,4000,5000,5552.59,3648,1,2.420,1.907,2.333,0.200,0.200,0.300,2.500,0.900,1.400,12,0.25,16,0.15,16,0.10,0.18,2569-04-26 16:53:42
A3,A3_HCA_H5_fc240_t07,HCA,7,5.0,30.0,30.0,240,4000,5000,5500.96,4499,1,2.468,1.962,2.231,0.200,0.200,0.300,2.500,0.800,1.500,12,0.25,12,0.10,25,0.25,0.20,2569-04-26 16:53:42
A3,A3_HCA_H5_fc240_t08,HCA,8,5.0,30.0,30.0,240,4000,5000,5500.96,3455,1,2.468,1.962,2.231,0.200,0.200,0.300,2.500,0.800,1.500,12,0.25,12,0.10,25,0.25,0.18,2569-04-26 16:53:42
A3,A3_HCA_H5_fc240_t09,HCA,9,5.0,30.0,30.0,240,4000,5000,5517.84,1666,1,2.468,1.962,2.231,0.200,0.200,0.300,2.500,0.800,1.500,12,0.25,12,0.10,16,0.10,0.19,2569-04-26 16:53:43
A3,A3_HCA_H5_fc240_t10,HCA,10,5.0,30.0,30.0,240,4000,5000,5500.96,1712,1,2.468,1.962,2.231,0.200,0.200,0.300,2.500,0.800,1.500,12,0.25,12,0.10,25,0.25,0.18,2569-04-26 16:53:43
A3,A3_HCA_H5_fc240_t11,HCA,11,5.0,30.0,30.0,240,4000,5000,5565.23,4196,1,2.468,1.962,2.231,0.200,0.200,0.300,2.500,0.800,1.500,12,0.25,16,0.15,16,0.10,0.21,2569-04-26 16:53:43
A3,A3_HCA_H5_fc240_t12,HCA,12,5.0,30.0,30.0,240,4000,5000,5575.89,2879,1,2.365,1.852,2.432,0.200,0.200,0.300,2.500,1.000,1.300,12,0.25,16,0.10,20,0.20,0.18,2569-04-26 16:53:43
A3,A3_HCA_H5_fc240_t13,HCA,13,5.0,30.0,30.0,240,4000,5000,5546.27,3024,1,2.468,1.962,2.231,0.200,0.200,0.300,2.500,0.800,1.500,12,0.25,20,0.25,16,0.10,0.19,2569-04-26 16:53:43
A3,A3_HCA_H5_fc240_t14,HCA,14,5.0,30.0,30.0,240,4000,5000,5517.84,2161,1,2.468,1.962,2.231,0.200,0.200,0.300,2.500,0.800,1.500,12,0.25,12,0.10,16,0.10,0.19,2569-04-26 16:53:44
A3,A3_HCA_H5_fc240_t15,HCA,15,5.0,30.0,30.0,240,4000,5000,5500.96,1037,1,2.468,1.962,2.231,0.200,0.200,0.300,2.500,0.800,1.500,12,0.25,12,0.10,25,0.25,0.18,2569-04-26 16:53:44
A3,A3_HCA_H5_fc240_t16,HCA,16,5.0,30.0,30.0,240,4000,5000,5529.39,598,1,2.468,1.962,2.231,0.200,0.200,0.300,2.500,0.800,1.500,12,0.25,20,0.25,25,0.25,0.19,2569-04-26 16:53:44
A3,A3_HCA_H5_fc240_t17,HCA,17,5.0,30.0,30.0,240,4000,5000,5563.45,4848,1,2.365,1.852,2.432,0.200,0.200,0.300,2.500,1.000,1.300,12,0.25,25,0.25,20,0.20,0.19,2569-04-26 16:53:44
A3,A3_HCA_H5_fc240_t18,HCA,18,5.0,30.0,30.0,240,4000,5000,5529.39,2275,1,2.468,1.962,2.231,0.200,0.200,0.300,2.500,0.800,1.500,12,0.25,20,0.25,25,0.25,0.19,2569-04-26 16:53:44
A3,A3_HCA_H5_fc240_t19,HCA,19,5.0,30.0,30.0,240,4000,5000,5517.84,4224,1,2.468,1.962,2.231,0.200,0.200,0.300,2.500,0.800,1.500,12,0.25,12,0.10,16,0.10,0.18,2569-04-26 16:53:44
A3,A3_HCA_H5_fc240_t20,HCA,20,5.0,30.0,30.0,240,4000,5000,5459.80,587,1,2.365,1.852,2.432,0.200,0.200,0.300,2.500,1.000,1.300,12,0.25,20,0.20,20,0.20,0.18,2569-04-26 16:53:45
A3,A3_HCA_H5_fc240_t21,HCA,21,5.0,30.0,30.0,240,4000,5000,5500.96,1843,1,2.468,1.962,2.231,0.200,0.200,0.300,2.500,0.800,1.500,12,0.25,12,0.10,25,0.25,0.20,2569-04-26 16:53:45
A3,A3_HCA_H5_fc240_t22,HCA,22,5.0,30.0,30.0,240,4000,5000,5529.39,582,1,2.468,1.962,2.231,0.200,0.200,0.300,2.500,0.800,1.500,12,0.25,20,0.25,25,0.25,0.19,2569-04-26 16:53:45
A3,A3_HCA_H5_fc240_t23,HCA,23,5.0,30.0,30.0,240,4000,5000,5529.39,2384,1,2.468,1.962,2.231,0.200,0.200,0.300,2.500,0.800,1.500,12,0.25,20,0.25,25,0.25,0.19,2569-04-26 16:53:45
A3,A3_HCA_H5_fc240_t24,HCA,24,5.0,30.0,30.0,240,4000,5000,5459.80,2439,1,2.365,1.852,2.432,0.200,0.200,0.300,2.500,1.000,1.300,12,0.25,20,0.20,20,0.20,0.19,2569-04-26 16:53:45
A3,A3_HCA_H5_fc240_t25,HCA,25,5.0,30.0,30.0,240,4000,5000,5459.80,332,1,2.365,1.852,2.432,0.200,0.200,0.300,2.500,1.000,1.300,12,0.25,20,0.20,20,0.20,0.19,2569-04-26 16:53:46
A3,A3_HCA_H5_fc240_t26,HCA,26,5.0,30.0,30.0,240,4000,5000,5517.84,3163,1,2.468,1.962,2.231,0.200,0.200,0.300,2.500,0.800,1.500,12,0.25,12,0.10,16,0.10,0.20,2569-04-26 16:53:46
A3,A3_HCA_H5_fc240_t27,HCA,27,5.0,30.0,30.0,240,4000,5000,5517.84,2705,1,2.468,1.962,2.231,0.200,0.200,0.300,2.500,0.800,1.500,12,0.25,12,0.10,16,0.10,0.19,2569-04-26 16:53:46
A3,A3_HCA_H5_fc240_t28,HCA,28,5.0,30.0,30.0,240,4000,5000,5565.23,4816,1,2.468,1.962,2.231,0.200,0.200,0.300,2.500,0.800,1.500,12,0.25,16,0.15,16,0.10,0.20,2569-04-26 16:53:46
A3,A3_HCA_H5_fc240_t29,HCA,29,5.0,30.0,30.0,240,4000,5000,5500.96,4199,1,2.468,1.962,2.231,0.200,0.200,0.300,2.500,0.800,1.500,12,0.25,12,0.10,25,0.25,0.19,2569-04-26 16:53:46
A3,A3_HCA_H5_fc240_t30,HCA,30,5.0,30.0,30.0,240,4000,5000,5517.84,4903,1,2.468,1.962,2.231,0.200,0.200,0.300,2.500,0.800,1.500,12,0.25,12,0.10,16,0.10,0.19,2569-04-26 16:53:47
A3,A3_BA_H5_fc280_t01,BA,1,5.0,30.0,30.0,280,4000,5000,5659.82,1909,1,2.468,1.962,2.231,0.200,0.200,0.300,2.500,0.800,1.500,12,0.25,12,0.10,25,0.25,0.33,2569-04-26 16:53:47
A3,A3_BA_H5_fc280_t02,BA,2,5.0,30.0,30.0,280,4000,5000,6767.24,4390,1,2.506,1.996,2.186,0.200,0.350,0.400,2.500,0.700,1.450,12,0.25,12,0.15,16,0.15,0.33,2569-04-26 16:53:47
A3,A3_BA_H5_fc280_t03,BA,3,5.0,30.0,30.0,280,4000,5000,5676.70,2154,1,2.468,1.962,2.231,0.200,0.200,0.300,2.500,0.800,1.500,12,0.25,12,0.10,16,0.10,0.33,2569-04-26 16:53:48
A3,A3_BA_H5_fc280_t04,BA,4,5.0,30.0,30.0,280,4000,5000,5676.70,742,1,2.468,1.962,2.231,0.200,0.200,0.300,2.500,0.800,1.500,12,0.25,12,0.10,16,0.10,0.33,2569-04-26 16:53:48
A3,A3_BA_H5_fc280_t05,BA,5,5.0,30.0,30.0,280,4000,5000,5770.00,4066,1,2.373,1.858,2.427,0.200,0.200,0.350,2.500,1.000,1.300,12,0.25,16,0.15,16,0.15,0.34,2569-04-26 16:53:48
A3,A3_BA_H5_fc280_t06,BA,6,5.0,30.0,30.0,280,4000,5000,5659.82,1155,1,2.468,1.962,2.231,0.200,0.200,0.300,2.500,0.800,1.500,12,0.25,12,0.10,25,0.25,0.33,2569-04-26 16:53:49
A3,A3_BA_H5_fc280_t07,BA,7,5.0,30.0,30.0,280,4000,5000,5747.88,1566,1,2.373,1.858,2.427,0.200,0.200,0.350,2.500,1.000,1.300,12,0.25,20,0.25,16,0.15,0.33,2569-04-26 16:53:49
A3,A3_BA_H5_fc280_t08,BA,8,5.0,30.0,30.0,280,4000,5000,5659.82,645,1,2.468,1.962,2.231,0.200,0.200,0.300,2.500,0.800,1.500,12,0.25,12,0.10,25,0.25,0.32,2569-04-26 16:53:49
A3,A3_BA_H5_fc280_t09,BA,9,5.0,30.0,30.0,280,4000,5000,5659.82,1583,1,2.468,1.962,2.231,0.200,0.200,0.300,2.500,0.800,1.500,12,0.25,12,0.10,25,0.25,0.34,2569-04-26 16:53:50
A3,A3_BA_H5_fc280_t10,BA,10,5.0,30.0,30.0,280,4000,5000,5688.25,1515,1,2.468,1.962,2.231,0.200,0.200,0.300,2.500,0.800,1.500,12,0.25,20,0.25,25,0.25,0.33,2569-04-26 16:53:50
A3,A3_BA_H5_fc280_t11,BA,11,5.0,30.0,30.0,280,4000,5000,5659.82,913,1,2.468,1.962,2.231,0.200,0.200,0.300,2.500,0.800,1.500,12,0.25,12,0.10,25,0.25,0.34,2569-04-26 16:53:50
A3,A3_BA_H5_fc280_t12,BA,12,5.0,30.0,30.0,280,4000,5000,5659.82,68,1,2.468,1.962,2.231,0.200,0.200,0.300,2.500,0.800,1.500,12,0.25,12,0.10,25,0.25,0.32,2569-04-26 16:53:51
A3,A3_BA_H5_fc280_t13,BA,13,5.0,30.0,30.0,280,4000,5000,5659.82,328,1,2.468,1.962,2.231,0.200,0.200,0.300,2.500,0.800,1.500,12,0.25,12,0.10,25,0.25,0.34,2569-04-26 16:53:51
A3,A3_BA_H5_fc280_t14,BA,14,5.0,30.0,30.0,280,4000,5000,5676.70,2352,1,2.468,1.962,2.231,0.200,0.200,0.300,2.500,0.800,1.500,12,0.25,12,0.10,16,0.10,0.33,2569-04-26 16:53:51
A3,A3_BA_H5_fc280_t15,BA,15,5.0,30.0,30.0,280,4000,5000,5659.82,291,1,2.468,1.962,2.231,0.200,0.200,0.300,2.500,0.800,1.500,12,0.25,12,0.10,25,0.25,0.32,2569-04-26 16:53:52
A3,A3_BA_H5_fc280_t16,BA,16,5.0,30.0,30.0,280,4000,5000,5659.82,3378,1,2.468,1.962,2.231,0.200,0.200,0.300,2.500,0.800,1.500,12,0.25,12,0.10,25,0.25,0.35,2569-04-26 16:53:52
A3,A3_BA_H5_fc280_t17,BA,17,5.0,30.0,30.0,280,4000,5000,5747.88,1670,1,2.373,1.858,2.427,0.200,0.200,0.350,2.500,1.000,1.300,12,0.25,20,0.25,16,0.15,0.33,2569-04-26 16:53:52
A3,A3_BA_H5_fc280_t18,BA,18,5.0,30.0,30.0,280,4000,5000,5688.25,537,1,2.468,1.962,2.231,0.200,0.200,0.300,2.500,0.800,1.500,12,0.25,20,0.25,25,0.25,0.33,2569-04-26 16:53:53
A3,A3_BA_H5_fc280_t19,BA,19,5.0,30.0,30.0,280,4000,5000,5659.82,271,1,2.468,1.962,2.231,0.200,0.200,0.300,2.500,0.800,1.500,12,0.25,12,0.10,25,0.25,0.33,2569-04-26 16:53:53
A3,A3_BA_H5_fc280_t20,BA,20,5.0,30.0,30.0,280,4000,5000,5676.70,250,1,2.468,1.962,2.231,0.200,0.200,0.300,2.500,0.800,1.500,12,0.25,12,0.10,16,0.10,0.33,2569-04-26 16:53:53
A3,A3_BA_H5_fc280_t21,BA,21,5.0,30.0,30.0,280,4000,5000,5688.25,370,1,2.468,1.962,2.231,0.200,0.200,0.300,2.500,0.800,1.500,12,0.25,20,0.25,25,0.25,0.32,2569-04-26 16:53:54
A3,A3_BA_H5_fc280_t22,BA,22,5.0,30.0,30.0,280,4000,5000,5659.82,593,1,2.468,1.962,2.231,0.200,0.200,0.300,2.500,0.800,1.500,12,0.25,12,0.10,25,0.25,0.33,2569-04-26 16:53:54
A3,A3_BA_H5_fc280_t23,BA,23,5.0,30.0,30.0,280,4000,5000,5659.82,1749,1,2.468,1.962,2.231,0.200,0.200,0.300,2.500,0.800,1.500,12,0.25,12,0.10,25,0.25,0.42,2569-04-26 16:53:54
A3,A3_BA_H5_fc280_t24,BA,24,5.0,30.0,30.0,280,4000,5000,5659.82,1235,1,2.468,1.962,2.231,0.200,0.200,0.300,2.500,0.800,1.500,12,0.25,12,0.10,25,0.25,0.37,2569-04-26 16:53:55
A3,A3_BA_H5_fc280_t25,BA,25,5.0,30.0,30.0,280,4000,5000,5688.25,117,1,2.468,1.962,2.231,0.200,0.200,0.300,2.500,0.800,1.500,12,0.25,20,0.25,25,0.25,0.33,2569-04-26 16:53:55
A3,A3_BA_H5_fc280_t26,BA,26,5.0,30.0,30.0,280,4000,5000,5659.82,193,1,2.468,1.962,2.231,0.200,0.200,0.300,2.500,0.800,1.500,12,0.25,12,0.10,25,0.25,0.35,2569-04-26 16:53:55
A3,A3_BA_H5_fc280_t27,BA,27,5.0,30.0,30.0,280,4000,5000,5747.88,683,1,2.373,1.858,2.427,0.200,0.200,0.350,2.500,1.000,1.300,12,0.25,20,0.25,16,0.15,0.42,2569-04-26 16:53:56
A3,A3_BA_H5_fc280_t28,BA,28,5.0,30.0,30.0,280,4000,5000,5676.70,1341,1,2.468,1.962,2.231,0.200,0.200,0.300,2.500,0.800,1.500,12,0.25,12,0.10,16,0.10,0.38,2569-04-26 16:53:56
A3,A3_BA_H5_fc280_t29,BA,29,5.0,30.0,30.0,280,4000,5000,5659.82,176,1,2.468,1.962,2.231,0.200,0.200,0.300,2.500,0.800,1.500,12,0.25,12,0.10,25,0.25,0.34,2569-04-26 16:53:57
A3,A3_BA_H5_fc280_t30,BA,30,5.0,30.0,30.0,280,4000,5000,5659.82,586,1,2.468,1.962,2.231,0.200,0.200,0.300,2.500,0.800,1.500,12,0.25,12,0.10,25,0.25,0.36,2569-04-26 16:53:57
A3,A3_HCA_H5_fc280_t01,HCA,1,5.0,30.0,30.0,280,4000,5000,5659.82,4785,1,2.468,1.962,2.231,0.200,0.200,0.300,2.500,0.800,1.500,12,0.25,12,0.10,25,0.25,0.20,2569-04-26 16:53:57
A3,A3_HCA_H5_fc280_t02,HCA,2,5.0,30.0,30.0,280,4000,5000,5705.13,907,1,2.468,1.962,2.231,0.200,0.200,0.300,2.500,0.800,1.500,12,0.25,20,0.25,16,0.10,0.19,2569-04-26 16:53:57
A3,A3_HCA_H5_fc280_t03,HCA,3,5.0,30.0,30.0,280,4000,5000,5707.21,3764,1,2.468,1.962,2.231,0.200,0.200,0.300,2.500,0.800,1.500,12,0.25,16,0.15,25,0.25,0.20,2569-04-26 16:53:57
A3,A3_HCA_H5_fc280_t04,HCA,4,5.0,30.0,30.0,280,4000,5000,5659.82,811,1,2.468,1.962,2.231,0.200,0.200,0.300,2.500,0.800,1.500,12,0.25,12,0.10,25,0.25,0.19,2569-04-26 16:53:58
A3,A3_HCA_H5_fc280_t05,HCA,5,5.0,30.0,30.0,280,4000,5000,5735.15,3594,1,2.468,1.962,2.231,0.200,0.200,0.300,2.500,0.800,1.500,12,0.25,20,0.25,20,0.15,0.19,2569-04-26 16:53:58
A3,A3_HCA_H5_fc280_t06,HCA,6,5.0,30.0,30.0,280,4000,5000,5705.13,2574,1,2.468,1.962,2.231,0.200,0.200,0.300,2.500,0.800,1.500,12,0.25,20,0.25,16,0.10,0.19,2569-04-26 16:53:58
A3,A3_HCA_H5_fc280_t07,HCA,7,5.0,30.0,30.0,280,4000,5000,5676.70,4002,1,2.468,1.962,2.231,0.200,0.200,0.300,2.500,0.800,1.500,12,0.25,12,0.10,16,0.10,0.19,2569-04-26 16:53:58
A3,A3_HCA_H5_fc280_t08,HCA,8,5.0,30.0,30.0,280,4000,5000,5688.25,4264,1,2.468,1.962,2.231,0.200,0.200,0.300,2.500,0.800,1.500,12,0.25,20,0.25,25,0.25,0.19,2569-04-26 16:53:58
A3,A3_HCA_H5_fc280_t09,HCA,9,5.0,30.0,30.0,280,4000,5000,5676.70,1076,1,2.468,1.962,2.231,0.200,0.200,0.300,2.500,0.800,1.500,12,0.25,12,0.10,16,0.10,0.18,2569-04-26 16:53:59
A3,A3_HCA_H5_fc280_t10,HCA,10,5.0,30.0,30.0,280,4000,5000,5659.82,1263,1,2.468,1.962,2.231,0.200,0.200,0.300,2.500,0.800,1.500,12,0.25,12,0.10,25,0.25,0.19,2569-04-26 16:53:59
A3,A3_HCA_H5_fc280_t11,HCA,11,5.0,30.0,30.0,280,4000,5000,5659.82,510,1,2.468,1.962,2.231,0.200,0.200,0.300,2.500,0.800,1.500,12,0.25,12,0.10,25,0.25,0.18,2569-04-26 16:53:59
A3,A3_HCA_H5_fc280_t12,HCA,12,5.0,30.0,30.0,280,4000,5000,5659.82,3825,1,2.468,1.962,2.231,0.200,0.200,0.300,2.500,0.800,1.500,12,0.25,12,0.10,25,0.25,0.19,2569-04-26 16:53:59
A3,A3_HCA_H5_fc280_t13,HCA,13,5.0,30.0,30.0,280,4000,5000,5676.70,595,1,2.468,1.962,2.231,0.200,0.200,0.300,2.500,0.800,1.500,12,0.25,12,0.10,16,0.10,0.19,2569-04-26 16:53:59
A3,A3_HCA_H5_fc280_t14,HCA,14,5.0,30.0,30.0,280,4000,5000,5848.18,4584,1,2.468,1.962,2.231,0.200,0.200,0.300,2.500,0.800,1.500,12,0.25,25,0.25,25,0.25,0.19,2569-04-26 16:54:00
A3,A3_HCA_H5_fc280_t15,HCA,15,5.0,30.0,30.0,280,4000,5000,5659.82,4577,1,2.468,1.962,2.231,0.200,0.200,0.300,2.500,0.800,1.500,12,0.25,12,0.10,25,0.25,0.19,2569-04-26 16:54:00
A3,A3_HCA_H5_fc280_t16,HCA,16,5.0,30.0,30.0,280,4000,5000,5797.00,556,1,2.468,1.962,2.231,0.200,0.200,0.300,2.500,0.800,1.500,12,0.20,20,0.25,25,0.25,0.17,2569-04-26 16:54:00
A3,A3_HCA_H5_fc280_t17,HCA,17,5.0,30.0,30.0,280,4000,5000,5735.15,2374,1,2.468,1.962,2.231,0.200,0.200,0.300,2.500,0.800,1.500,12,0.25,20,0.25,20,0.15,0.18,2569-04-26 16:54:00
A3,A3_HCA_H5_fc280_t18,HCA,18,5.0,30.0,30.0,280,4000,5000,5770.00,2315,1,2.373,1.858,2.427,0.200,0.200,0.350,2.500,1.000,1.300,12,0.25,16,0.15,16,0.15,0.18,2569-04-26 16:54:00
A3,A3_HCA_H5_fc280_t19,HCA,19,5.0,30.0,30.0,280,4000,5000,5688.25,4857,1,2.468,1.962,2.231,0.200,0.200,0.300,2.500,0.800,1.500,12,0.25,20,0.25,25,0.25,0.18,2569-04-26 16:54:00
A3,A3_HCA_H5_fc280_t20,HCA,20,5.0,30.0,30.0,280,4000,5000,5744.52,3471,1,2.365,1.852,2.432,0.200,0.200,0.300,2.500,1.000,1.300,12,0.25,20,0.20,25,0.25,0.18,2569-04-26 16:54:01
A3,A3_HCA_H5_fc280_t21,HCA,21,5.0,30.0,30.0,280,4000,5000,5688.25,1795,1,2.468,1.962,2.231,0.200,0.200,0.300,2.500,0.800,1.500,12,0.25,20,0.25,25,0.25,0.18,2569-04-26 16:54:01
A3,A3_HCA_H5_fc280_t22,HCA,22,5.0,30.0,30.0,280,4000,5000,5659.82,1423,1,2.468,1.962,2.231,0.200,0.200,0.300,2.500,0.800,1.500,12,0.25,12,0.10,25,0.25,0.18,2569-04-26 16:54:01
A3,A3_HCA_H5_fc280_t23,HCA,23,5.0,30.0,30.0,280,4000,5000,5659.82,1013,1,2.468,1.962,2.231,0.200,0.200,0.300,2.500,0.800,1.500,12,0.25,12,0.10,25,0.25,0.17,2569-04-26 16:54:01
A3,A3_HCA_H5_fc280_t24,HCA,24,5.0,30.0,30.0,280,4000,5000,5688.25,1128,1,2.468,1.962,2.231,0.200,0.200,0.300,2.500,0.800,1.500,12,0.25,20,0.25,25,0.25,0.18,2569-04-26 16:54:01
A3,A3_HCA_H5_fc280_t25,HCA,25,5.0,30.0,30.0,280,4000,5000,5659.82,3083,1,2.468,1.962,2.231,0.200,0.200,0.300,2.500,0.800,1.500,12,0.25,12,0.10,25,0.25,0.18,2569-04-26 16:54:02
A3,A3_HCA_H5_fc280_t26,HCA,26,5.0,30.0,30.0,280,4000,5000,5688.25,2602,1,2.468,1.962,2.231,0.200,0.200,0.300,2.500,0.800,1.500,12,0.25,20,0.25,25,0.25,0.18,2569-04-26 16:54:02
A3,A3_HCA_H5_fc280_t27,HCA,27,5.0,30.0,30.0,280,4000,5000,5735.15,2831,1,2.468,1.962,2.231,0.200,0.200,0.300,2.500,0.800,1.500,12,0.25,20,0.25,20,0.15,0.18,2569-04-26 16:54:02
A3,A3_HCA_H5_fc280_t28,HCA,28,5.0,30.0,30.0,280,4000,5000,5659.82,1741,1,2.468,1.962,2.231,0.200,0.200,0.300,2.500,0.800,1.500,12,0.25,12,0.10,25,0.25,0.18,2569-04-26 16:54:02
A3,A3_HCA_H5_fc280_t29,HCA,29,5.0,30.0,30.0,280,4000,5000,5735.15,2599,1,2.468,1.962,2.231,0.200,0.200,0.300,2.500,0.800,1.500,12,0.25,20,0.25,20,0.15,0.18,2569-04-26 16:54:02
A3,A3_HCA_H5_fc280_t30,HCA,30,5.0,30.0,30.0,280,4000,5000,5815.96,1124,1,2.468,1.962,2.231,0.200,0.200,0.300,2.500,0.800,1.500,12,0.20,16,0.15,25,0.25,0.18,2569-04-26 16:54:02
A3,A3_BA_H5_fc320_t01,BA,1,5.0,30.0,30.0,320,4000,5000,5816.99,239,1,2.468,1.962,2.231,0.200,0.200,0.300,2.500,0.800,1.500,12,0.25,12,0.10,25,0.25,0.33,2569-04-26 16:54:03
A3,A3_BA_H5_fc320_t02,BA,2,5.0,30.0,30.0,320,4000,5000,5816.99,496,1,2.468,1.962,2.231,0.200,0.200,0.300,2.500,0.800,1.500,12,0.25,12,0.10,25,0.25,0.33,2569-04-26 16:54:03
A3,A3_BA_H5_fc320_t03,BA,3,5.0,30.0,30.0,320,4000,5000,5833.87,999,1,2.468,1.962,2.231,0.200,0.200,0.300,2.500,0.800,1.500,12,0.25,12,0.10,16,0.10,0.31,2569-04-26 16:54:03
A3,A3_BA_H5_fc320_t04,BA,4,5.0,30.0,30.0,320,4000,5000,5862.30,1492,1,2.468,1.962,2.231,0.200,0.200,0.300,2.500,0.800,1.500,12,0.25,20,0.25,16,0.10,0.31,2569-04-26 16:54:04
A3,A3_BA_H5_fc320_t05,BA,5,5.0,30.0,30.0,320,4000,5000,5845.42,230,1,2.468,1.962,2.231,0.200,0.200,0.300,2.500,0.800,1.500,12,0.25,20,0.25,25,0.25,0.33,2569-04-26 16:54:04
A3,A3_BA_H5_fc320_t06,BA,6,5.0,30.0,30.0,320,4000,5000,5816.99,253,1,2.468,1.962,2.231,0.200,0.200,0.300,2.500,0.800,1.500,12,0.25,12,0.10,25,0.25,0.34,2569-04-26 16:54:04
A3,A3_BA_H5_fc320_t07,BA,7,5.0,30.0,30.0,320,4000,5000,5833.87,430,1,2.468,1.962,2.231,0.200,0.200,0.300,2.500,0.800,1.500,12,0.25,12,0.10,16,0.10,0.34,2569-04-26 16:54:05
A3,A3_BA_H5_fc320_t08,BA,8,5.0,30.0,30.0,320,4000,5000,5845.42,293,1,2.468,1.962,2.231,0.200,0.200,0.300,2.500,0.800,1.500,12,0.25,20,0.25,25,0.25,0.32,2569-04-26 16:54:05
A3,A3_BA_H5_fc320_t09,BA,9,5.0,30.0,30.0,320,4000,5000,5816.99,296,1,2.468,1.962,2.231,0.200,0.200,0.300,2.500,0.800,1.500,12,0.25,12,0.10,25,0.25,0.33,2569-04-26 16:54:05
A3,A3_BA_H5_fc320_t10,BA,10,5.0,30.0,30.0,320,4000,5000,5862.30,2498,1,2.468,1.962,2.231,0.200,0.200,0.300,2.500,0.800,1.500,12,0.25,20,0.25,16,0.10,0.31,2569-04-26 16:54:06
A3,A3_BA_H5_fc320_t11,BA,11,5.0,30.0,30.0,320,4000,5000,5816.99,3519,1,2.468,1.962,2.231,0.200,0.200,0.300,2.500,0.800,1.500,12,0.25,12,0.10,25,0.25,0.32,2569-04-26 16:54:06
A3,A3_BA_H5_fc320_t12,BA,12,5.0,30.0,30.0,320,4000,5000,5816.99,394,1,2.468,1.962,2.231,0.200,0.200,0.300,2.500,0.800,1.500,12,0.25,12,0.10,25,0.25,0.32,2569-04-26 16:54:06
A3,A3_BA_H5_fc320_t13,BA,13,5.0,30.0,30.0,320,4000,5000,5862.30,921,1,2.468,1.962,2.231,0.200,0.200,0.300,2.500,0.800,1.500,12,0.25,20,0.25,16,0.10,0.32,2569-04-26 16:54:07
A3,A3_BA_H5_fc320_t14,BA,14,5.0,30.0,30.0,320,4000,5000,5816.99,2669,1,2.468,1.962,2.231,0.200,0.200,0.300,2.500,0.800,1.500,12,0.25,12,0.10,25,0.25,0.32,2569-04-26 16:54:07
A3,A3_BA_H5_fc320_t15,BA,15,5.0,30.0,30.0,320,4000,5000,5833.87,1500,1,2.468,1.962,2.231,0.200,0.200,0.300,2.500,0.800,1.500,12,0.25,12,0.10,16,0.10,0.33,2569-04-26 16:54:07
A3,A3_BA_H5_fc320_t16,BA,16,5.0,30.0,30.0,320,4000,5000,5845.42,1487,1,2.468,1.962,2.231,0.200,0.200,0.300,2.500,0.800,1.500,12,0.25,20,0.25,25,0.25,0.33,2569-04-26 16:54:08
A3,A3_BA_H5_fc320_t17,BA,17,5.0,30.0,30.0,320,4000,5000,5833.87,1391,1,2.468,1.962,2.231,0.200,0.200,0.300,2.500,0.800,1.500,12,0.25,12,0.10,16,0.10,0.32,2569-04-26 16:54:08
A3,A3_BA_H5_fc320_t18,BA,18,5.0,30.0,30.0,320,4000,5000,5816.99,1577,1,2.468,1.962,2.231,0.200,0.200,0.300,2.500,0.800,1.500,12,0.25,12,0.10,25,0.25,0.33,2569-04-26 16:54:08
A3,A3_BA_H5_fc320_t19,BA,19,5.0,30.0,30.0,320,4000,5000,5845.42,572,1,2.468,1.962,2.231,0.200,0.200,0.300,2.500,0.800,1.500,12,0.25,20,0.25,25,0.25,0.32,2569-04-26 16:54:09
A3,A3_BA_H5_fc320_t20,BA,20,5.0,30.0,30.0,320,4000,5000,5816.99,214,1,2.468,1.962,2.231,0.200,0.200,0.300,2.500,0.800,1.500,12,0.25,12,0.10,25,0.25,0.33,2569-04-26 16:54:09
A3,A3_BA_H5_fc320_t21,BA,21,5.0,30.0,30.0,320,4000,5000,5816.99,219,1,2.468,1.962,2.231,0.200,0.200,0.300,2.500,0.800,1.500,12,0.25,12,0.10,25,0.25,0.32,2569-04-26 16:54:09
A3,A3_BA_H5_fc320_t22,BA,22,5.0,30.0,30.0,320,4000,5000,5833.87,1293,1,2.468,1.962,2.231,0.200,0.200,0.300,2.500,0.800,1.500,12,0.25,12,0.10,16,0.10,0.34,2569-04-26 16:54:10
A3,A3_BA_H5_fc320_t23,BA,23,5.0,30.0,30.0,320,4000,5000,5833.87,642,1,2.468,1.962,2.231,0.200,0.200,0.300,2.500,0.800,1.500,12,0.25,12,0.10,16,0.10,0.34,2569-04-26 16:54:10
A3,A3_BA_H5_fc320_t24,BA,24,5.0,30.0,30.0,320,4000,5000,5833.87,1272,1,2.468,1.962,2.231,0.200,0.200,0.300,2.500,0.800,1.500,12,0.25,12,0.10,16,0.10,0.33,2569-04-26 16:54:10
A3,A3_BA_H5_fc320_t25,BA,25,5.0,30.0,30.0,320,4000,5000,5845.42,208,1,2.468,1.962,2.231,0.200,0.200,0.300,2.500,0.800,1.500,12,0.25,20,0.25,25,0.25,0.32,2569-04-26 16:54:11
A3,A3_BA_H5_fc320_t26,BA,26,5.0,30.0,30.0,320,4000,5000,5816.99,1469,1,2.468,1.962,2.231,0.200,0.200,0.300,2.500,0.800,1.500,12,0.25,12,0.10,25,0.25,0.34,2569-04-26 16:54:11
A3,A3_BA_H5_fc320_t27,BA,27,5.0,30.0,30.0,320,4000,5000,5816.99,256,1,2.468,1.962,2.231,0.200,0.200,0.300,2.500,0.800,1.500,12,0.25,12,0.10,25,0.25,0.33,2569-04-26 16:54:11
A3,A3_BA_H5_fc320_t28,BA,28,5.0,30.0,30.0,320,4000,5000,5862.30,245,1,2.468,1.962,2.231,0.200,0.200,0.300,2.500,0.800,1.500,12,0.25,20,0.25,16,0.10,0.32,2569-04-26 16:54:12
A3,A3_BA_H5_fc320_t29,BA,29,5.0,30.0,30.0,320,4000,5000,5833.87,1077,1,2.468,1.962,2.231,0.200,0.200,0.300,2.500,0.800,1.500,12,0.25,12,0.10,16,0.10,0.33,2569-04-26 16:54:12
A3,A3_BA_H5_fc320_t30,BA,30,5.0,30.0,30.0,320,4000,5000,5816.99,435,1,2.468,1.962,2.231,0.200,0.200,0.300,2.500,0.800,1.500,12,0.25,12,0.10,25,0.25,0.34,2569-04-26 16:54:12
A3,A3_HCA_H5_fc320_t01,HCA,1,5.0,30.0,30.0,320,4000,5000,5916.80,4267,1,2.365,1.852,2.432,0.200,0.200,0.300,2.500,1.000,1.300,12,0.25,20,0.20,16,0.10,0.18,2569-04-26 16:54:12
A3,A3_HCA_H5_fc320_t02,HCA,2,5.0,30.0,30.0,320,4000,5000,5862.30,2020,1,2.468,1.962,2.231,0.200,0.200,0.300,2.500,0.800,1.500,12,0.25,20,0.25,16,0.10,0.18,2569-04-26 16:54:13
A3,A3_HCA_H5_fc320_t03,HCA,3,5.0,30.0,30.0,320,4000,5000,5909.10,2408,1,2.420,1.907,2.333,0.200,0.200,0.300,2.500,0.900,1.400,12,0.25,20,0.20,25,0.25,0.18,2569-04-26 16:54:13
A3,A3_HCA_H5_fc320_t04,HCA,4,5.0,30.0,30.0,320,4000,5000,5816.99,662,1,2.468,1.962,2.231,0.200,0.200,0.300,2.500,0.800,1.500,12,0.25,12,0.10,25,0.25,0.18,2569-04-26 16:54:13
A3,A3_HCA_H5_fc320_t05,HCA,5,5.0,30.0,30.0,320,4000,5000,5862.30,3275,1,2.468,1.962,2.231,0.200,0.200,0.300,2.500,0.800,1.500,12,0.25,20,0.25,16,0.10,0.18,2569-04-26 16:54:13
A3,A3_HCA_H5_fc320_t06,HCA,6,5.0,30.0,30.0,320,4000,5000,5816.99,787,1,2.468,1.962,2.231,0.200,0.200,0.300,2.500,0.800,1.500,12,0.25,12,0.10,25,0.25,0.18,2569-04-26 16:54:13
A3,A3_HCA_H5_fc320_t07,HCA,7,5.0,30.0,30.0,320,4000,5000,5816.99,1967,1,2.468,1.962,2.231,0.200,0.200,0.300,2.500,0.800,1.500,12,0.25,12,0.10,25,0.25,0.17,2569-04-26 16:54:14
A3,A3_HCA_H5_fc320_t08,HCA,8,5.0,30.0,30.0,320,4000,5000,5816.99,1029,1,2.468,1.962,2.231,0.200,0.200,0.300,2.500,0.800,1.500,12,0.25,12,0.10,25,0.25,0.18,2569-04-26 16:54:14
A3,A3_HCA_H5_fc320_t09,HCA,9,5.0,30.0,30.0,320,4000,5000,5862.30,481,1,2.468,1.962,2.231,0.200,0.200,0.300,2.500,0.800,1.500,12,0.25,20,0.25,16,0.10,0.17,2569-04-26 16:54:14
A3,A3_HCA_H5_fc320_t10,HCA,10,5.0,30.0,30.0,320,4000,5000,5863.88,4567,1,2.468,1.962,2.231,0.200,0.200,0.300,2.500,0.800,1.500,12,0.25,12,0.10,20,0.15,0.19,2569-04-26 16:54:14
A3,A3_HCA_H5_fc320_t11,HCA,11,5.0,30.0,30.0,320,4000,5000,5845.42,821,1,2.468,1.962,2.231,0.200,0.200,0.300,2.500,0.800,1.500,12,0.25,20,0.25,25,0.25,0.18,2569-04-26 16:54:14
A3,A3_HCA_H5_fc320_t12,HCA,12,5.0,30.0,30.0,320,4000,5000,5881.26,3644,1,2.468,1.962,2.231,0.200,0.200,0.300,2.500,0.800,1.500,12,0.25,16,0.15,16,0.10,0.19,2569-04-26 16:54:14
A3,A3_HCA_H5_fc320_t13,HCA,13,5.0,30.0,30.0,320,4000,5000,5816.99,2118,1,2.468,1.962,2.231,0.200,0.200,0.300,2.500,0.800,1.500,12,0.25,12,0.10,25,0.25,0.17,2569-04-26 16:54:15
A3,A3_HCA_H5_fc320_t14,HCA,14,5.0,30.0,30.0,320,4000,5000,5915.75,3291,1,2.373,1.858,2.427,0.200,0.200,0.350,2.500,1.000,1.300,12,0.25,20,0.25,16,0.15,0.18,2569-04-26 16:54:15
A3,A3_HCA_H5_fc320_t15,HCA,15,5.0,30.0,30.0,320,4000,5000,5816.99,4724,1,2.468,1.962,2.231,0.200,0.200,0.300,2.500,0.800,1.500,12,0.25,12,0.10,25,0.25,0.19,2569-04-26 16:54:15
A3,A3_HCA_H5_fc320_t16,HCA,16,5.0,30.0,30.0,320,4000,5000,5845.42,2538,1,2.468,1.962,2.231,0.200,0.200,0.300,2.500,0.800,1.500,12,0.25,20,0.25,25,0.25,0.18,2569-04-26 16:54:15
A3,A3_HCA_H5_fc320_t17,HCA,17,5.0,30.0,30.0,320,4000,5000,5868.62,1164,1,2.420,1.907,2.333,0.200,0.200,0.300,2.500,0.900,1.400,12,0.25,16,0.15,16,0.10,0.17,2569-04-26 16:54:15
A3,A3_HCA_H5_fc320_t18,HCA,18,5.0,30.0,30.0,320,4000,5000,5852.63,4993,1,2.420,1.907,2.333,0.200,0.200,0.300,2.500,0.900,1.400,12,0.25,16,0.15,25,0.25,0.18,2569-04-26 16:54:15
A3,A3_HCA_H5_fc320_t19,HCA,19,5.0,30.0,30.0,320,4000,5000,5833.87,2572,1,2.468,1.962,2.231,0.200,0.200,0.300,2.500,0.800,1.500,12,0.25,12,0.10,16,0.10,0.18,2569-04-26 16:54:16
A3,A3_HCA_H5_fc320_t20,HCA,20,5.0,30.0,30.0,320,4000,5000,5942.62,1378,1,2.468,1.962,2.231,0.200,0.200,0.300,2.500,0.800,1.500,12,0.20,12,0.10,16,0.10,0.18,2569-04-26 16:54:16
A3,A3_HCA_H5_fc320_t21,HCA,21,5.0,30.0,30.0,320,4000,5000,6112.14,580,1,2.381,1.863,2.422,0.200,0.200,0.400,2.500,1.000,1.300,12,0.25,12,0.10,12,0.10,0.16,2569-04-26 16:54:16
A3,A3_HCA_H5_fc320_t22,HCA,22,5.0,30.0,30.0,320,4000,5000,5816.99,4134,1,2.468,1.962,2.231,0.200,0.200,0.300,2.500,0.800,1.500,12,0.25,12,0.10,25,0.25,0.18,2569-04-26 16:54:16
A3,A3_HCA_H5_fc320_t23,HCA,23,5.0,30.0,30.0,320,4000,5000,5833.87,4398,1,2.468,1.962,2.231,0.200,0.200,0.300,2.500,0.800,1.500,12,0.25,12,0.10,16,0.10,0.17,2569-04-26 16:54:16
A3,A3_HCA_H5_fc320_t24,HCA,24,5.0,30.0,30.0,320,4000,5000,5989.59,421,1,2.373,1.858,2.427,0.200,0.200,0.350,2.500,1.000,1.300,12,0.25,20,0.25,20,0.20,0.17,2569-04-26 16:54:17
A3,A3_HCA_H5_fc320_t25,HCA,25,5.0,30.0,30.0,320,4000,5000,5862.30,1984,1,2.468,1.962,2.231,0.200,0.200,0.300,2.500,0.800,1.500,12,0.25,20,0.25,16,0.10,0.19,2569-04-26 16:54:17
A3,A3_HCA_H5_fc320_t26,HCA,26,5.0,30.0,30.0,320,4000,5000,5916.80,3267,1,2.365,1.852,2.432,0.200,0.200,0.300,2.500,1.000,1.300,12,0.25,20,0.20,16,0.10,0.17,2569-04-26 16:54:17
A3,A3_HCA_H5_fc320_t27,HCA,27,5.0,30.0,30.0,320,4000,5000,5816.99,4122,1,2.468,1.962,2.231,0.200,0.200,0.300,2.500,0.800,1.500,12,0.25,12,0.10,25,0.25,0.18,2569-04-26 16:54:17
A3,A3_HCA_H5_fc320_t28,HCA,28,5.0,30.0,30.0,320,4000,5000,5964.71,3190,1,2.428,1.913,2.328,0.200,0.200,0.350,2.500,0.900,1.400,12,0.25,12,0.10,20,0.20,0.19,2569-04-26 16:54:17
A3,A3_HCA_H5_fc320_t29,HCA,29,5.0,30.0,30.0,320,4000,5000,5833.87,3888,1,2.468,1.962,2.231,0.200,0.200,0.300,2.500,0.800,1.500,12,0.25,12,0.10,16,0.10,0.16,2569-04-26 16:54:17
A3,A3_HCA_H5_fc320_t30,HCA,30,5.0,30.0,30.0,320,4000,5000,5833.87,4304,1,2.468,1.962,2.231,0.200,0.200,0.300,2.500,0.800,1.500,12,0.25,12,0.10,16,0.10,0.18,2569-04-26 16:54:18
